{
  "results": [
    {
      "command": "BSAN",
      "mean": 0.00064477082,
      "stddev": 0.00004378164275578875,
      "median": 0.0006364995,
      "user": 0.00026094,
      "system": 0.00019164,
      "min": 0.0005616250000000001,
      "max": 0.000786625,
      "times": [
        0.000695917,
        0.000622792,
        0.000623291,
        0.0006066670000000001,
        0.0006245830000000001,
        0.0006270830000000001,
        0.000614333,
        0.000786625,
        0.0007758750000000001,
        0.000703334,
        0.0006907920000000001,
        0.00068875,
        0.0006637090000000001,
        0.000614459,
        0.0006172500000000001,
        0.000646875,
        0.0006199160000000001,
        0.000629292,
        0.0006221660000000001,
        0.0006172910000000001,
        0.000572125,
        0.0005616250000000001,
        0.0005893750000000001,
        0.000615208,
        0.0006540840000000001,
        0.0006499170000000001,
        0.0007446670000000001,
        0.000639584,
        0.0006755,
        0.000636458,
        0.0006490420000000001,
        0.0006204170000000001,
        0.000610917,
        0.000619458,
        0.0006427500000000001,
        0.0006221660000000001,
        0.0005951670000000001,
        0.000671791,
        0.0006525830000000001,
        0.000665959,
        0.0006418750000000001,
        0.00062325,
        0.0006444160000000001,
        0.000688625,
        0.0006170840000000001,
        0.000644708,
        0.0006557080000000001,
        0.000636541,
        0.000631625,
        0.000674916
      ],
      "exit_codes": [
        0,
        0,
        0,
        0,
        0,
        0,
        0,
        0,
        0,
        0,
        0,
        0,
        0,
        0,
        0,
        0,
        0,
        0,
        0,
        0,
        0,
        0,
        0,
        0,
        0,
        0,
        0,
        0,
        0,
        0,
        0,
        0,
        0,
        0,
        0,
        0,
        0,
        0,
        0,
        0,
        0,
        0,
        0,
        0,
        0,
        0,
        0,
        0,
        0,
        0
      ]
    },
    {
      "command": "Miri",
      "mean": 0.07704493668000002,
      "stddev": 0.0013388710545039764,
      "median": 0.07692800050000001,
      "user": 0.04343994,
      "system": 0.028248239999999994,
      "min": 0.074337625,
      "max": 0.08068825,
      "times": [
        0.076690833,
        0.077416209,
        0.07565229200000001,
        0.07615366700000001,
        0.075685375,
        0.07779862500000001,
        0.07563075000000001,
        0.076126917,
        0.07598358300000001,
        0.076099917,
        0.0775165,
        0.07831508300000001,
        0.07651200000000001,
        0.077129958,
        0.076829875,
        0.07928520800000001,
        0.075759791,
        0.078345625,
        0.077380583,
        0.07569595800000001,
        0.074777833,
        0.07695650000000001,
        0.076027458,
        0.077405375,
        0.07587375,
        0.07641279200000001,
        0.074337625,
        0.077976292,
        0.077294834,
        0.078634084,
        0.08068825,
        0.076863917,
        0.07916287500000001,
        0.077063291,
        0.0758355,
        0.07584262500000001,
        0.07689950100000001,
        0.07935758300000001,
        0.075697,
        0.07780012500000001,
        0.076010167,
        0.07767370900000001,
        0.075242208,
        0.079357041,
        0.078603,
        0.078920708,
        0.07713075,
        0.07686804200000001,
        0.077175375,
        0.078349875
      ],
      "exit_codes": [
        1,
        1,
        1,
        1,
        1,
        1,
        1,
        1,
        1,
        1,
        1,
        1,
        1,
        1,
        1,
        1,
        1,
        1,
        1,
        1,
        1,
        1,
        1,
        1,
        1,
        1,
        1,
        1,
        1,
        1,
        1,
        1,
        1,
        1,
        1,
        1,
        1,
        1,
        1,
        1,
        1,
        1,
        1,
        1,
        1,
        1,
        1,
        1,
        1,
        1
      ]
    },
    {
      "command": "Native",
      "mean": 0.0007181299200000001,
      "stddev": 0.0002780787770035488,
      "median": 0.0005560625,
      "user": 0.00019673999999999994,
      "system": 0.00024794,
      "min": 0.00046758400000000006,
      "max": 0.0013062080000000001,
      "times": [
        0.000530959,
        0.000471,
        0.0006736250000000001,
        0.00046966600000000004,
        0.00047125000000000004,
        0.00046758400000000006,
        0.0005375,
        0.0013062080000000001,
        0.0011972080000000002,
        0.001052625,
        0.001147459,
        0.001088667,
        0.0010987500000000001,
        0.0011612500000000002,
        0.0011404590000000001,
        0.001189416,
        0.0011087080000000001,
        0.0009745830000000001,
        0.000693583,
        0.0005894580000000001,
        0.000982208,
        0.001139208,
        0.0011330840000000001,
        0.000990708,
        0.000603625,
        0.000614375,
        0.000557042,
        0.000567041,
        0.0005586660000000001,
        0.0005862080000000001,
        0.000486583,
        0.00046916700000000004,
        0.00051725,
        0.000505208,
        0.00047575000000000004,
        0.000550708,
        0.0005102910000000001,
        0.000484208,
        0.000523875,
        0.000501875,
        0.000521583,
        0.0005339580000000001,
        0.000555083,
        0.000504584,
        0.000514459,
        0.000532125,
        0.000535333,
        0.000530083,
        0.00101175,
        0.0005405000000000001
      ],
      "exit_codes": [
        0,
        0,
        0,
        0,
        0,
        0,
        0,
        0,
        0,
        0,
        0,
        0,
        0,
        0,
        0,
        0,
        0,
        0,
        0,
        0,
        0,
        0,
        0,
        0,
        0,
        0,
        0,
        0,
        0,
        0,
        0,
        0,
        0,
        0,
        0,
        0,
        0,
        0,
        0,
        0,
        0,
        0,
        0,
        0,
        0,
        0,
        0,
        0,
        0,
        0
      ]
    },
    {
      "command": "ASAN",
      "mean": 0.0035977792000000015,
      "stddev": 0.0003195080794501423,
      "median": 0.0035662705000000005,
      "user": 0.0012186800000000002,
      "system": 0.00178508,
      "min": 0.003162709,
      "max": 0.0047926670000000005,
      "times": [
        0.0036797500000000003,
        0.0036087920000000004,
        0.003656583,
        0.0033255420000000003,
        0.003459792,
        0.0033432080000000003,
        0.0033319580000000003,
        0.0034243750000000003,
        0.0038927920000000004,
        0.003380834,
        0.003568083,
        0.0036138750000000003,
        0.0034412920000000003,
        0.003376542,
        0.0036297910000000003,
        0.003909417,
        0.0036551670000000004,
        0.00379975,
        0.004109917,
        0.004618458000000001,
        0.0038905840000000003,
        0.0036226670000000004,
        0.0035687500000000003,
        0.0037070000000000002,
        0.003424958,
        0.0035891670000000003,
        0.0033982500000000002,
        0.0034559160000000003,
        0.003350792,
        0.003482708,
        0.003290125,
        0.003982375000000001,
        0.003493083,
        0.003341708,
        0.003293709,
        0.0047926670000000005,
        0.0035644580000000004,
        0.003662208,
        0.003968417,
        0.003892875,
        0.003799292,
        0.003274875,
        0.003162709,
        0.0036502500000000003,
        0.0032065410000000003,
        0.003296709,
        0.0037287080000000003,
        0.0033454160000000004,
        0.0033229160000000004,
        0.003503209
      ],