{
  "results": [
    {
      "command": "BSAN",
      "mean": 0.005129750860000001,
      "stddev": 0.00026164299673199417,
      "median": 0.0050420205,
      "user": 0.0044163399999999995,
      "system": 0.00048251999999999995,
      "min": 0.004935083000000001,
      "max": 0.006287417,
      "times": [
        0.005066666,
        0.005042375,
        0.00499575,
        0.005029208,
        0.005031,
        0.004980875,
        0.004983958,
        0.00496775,
        0.006287417,
        0.005067375000000001,
        0.005327417,
        0.005112125,
        0.005039333,
        0.005097542,
        0.005000875,
        0.0051066670000000005,
        0.004943708000000001,
        0.004935083000000001,
        0.005070459,
        0.004969708000000001,
        0.004979792,
        0.0049626670000000005,
        0.006207375,
        0.005308292,
        0.005399709,
        0.0052532920000000006,
        0.005329959,
        0.00526275,
        0.005235958000000001,
        0.005027084,
        0.005041666,
        0.005004833,
        0.005019959,
        0.005057333000000001,
        0.00500375,
        0.004986792,
        0.004964667000000001,
        0.005091542,
        0.004990083,
        0.004992084,
        0.005433625,
        0.005275333,
        0.004989667000000001,
        0.005016041000000001,
        0.005092125,
        0.005065583,
        0.005011000000000001,
        0.005165708000000001,
        0.005105458,
        0.005158125
      ],
      "exit_codes": [
        0,
        0,
        0,
        0,
        0,
        0,
        0,
        0,
        0,
        0,
        0,
        0,
        0,
        0,
        0,
        0,
        0,
        0,
        0,
        0,
        0,
        0,
        0,
        0,
        0,
        0,
        0,
        0,
        0,
        0,
        0,
        0,
        0,
        0,
        0,
        0,
        0,
        0,
        0,
        0,
        0,
        0,
        0,
        0,
        0,
        0,
        0,
        0,
        0,
        0
      ]
    },
    {
      "command": "Miri",
      "mean": 0.07827171172000001,
      "stddev": 0.0014700766040670217,
      "median": 0.07821735400000002,
      "user": 0.04437343999999998,
      "system": 0.028721659999999993,
      "min": 0.07495225,
      "max": 0.083522541,
      "times": [
        0.079371834,
        0.07581625,
        0.07798400000000001,
        0.076792542,
        0.07821750000000001,
        0.07637437500000001,
        0.078145584,
        0.076713792,
        0.078580708,
        0.079380084,
        0.078734125,
        0.07842916700000001,
        0.078467083,
        0.077720708,
        0.078008459,
        0.078314083,
        0.076764333,
        0.07885083300000001,
        0.083522541,
        0.077958708,
        0.07871720900000001,
        0.079788208,
        0.07809795900000001,
        0.077087292,
        0.07754208400000001,
        0.07978758400000001,
        0.077141083,
        0.078508333,
        0.075849792,
        0.07881937500000001,
        0.078688334,
        0.079021833,
        0.078884959,
        0.07665616600000001,
        0.08005058400000001,
        0.07838475,
        0.077735834,
        0.078662333,
        0.077557417,
        0.07912733300000001,
        0.0778785,
        0.07495225,
        0.07733883300000001,
        0.077471417,
        0.07821720800000001,
        0.07760491700000001,
        0.081389708,
        0.081315333,
        0.07736970800000001,
        0.07979254100000001
      ],
      "exit_codes": [
        1,
        1,
        1,
        1,
        1,
        1,
        1,
        1,
        1,
        1,
        1,
        1,
        1,
        1,
        1,
        1,
        1,
        1,
        1,
        1,
        1,
        1,
        1,
        1,
        1,
        1,
        1,
        1,
        1,
        1,
        1,
        1,
        1,
        1,
        1,
        1,
        1,
        1,
        1,
        1,
        1,
        1,
        1,
        1,
        1,
        1,
        1,
        1,
        1,
        1
      ]
    },
    {
      "command": "Native",
      "mean": 0.0004920641999999999,
      "stddev": 0.00005860155526423984,
      "median": 0.00048512550000000005,
      "user": 0.00020666,
      "system": 0.00011616,
      "min": 0.00043175,
      "max": 0.000834125,
      "times": [
        0.00058425,
        0.0004922090000000001,
        0.000509667,
        0.000511459,
        0.00048433300000000004,
        0.0004923750000000001,
        0.0005249580000000001,
        0.000538542,
        0.000504792,
        0.00048125,
        0.0005061660000000001,
        0.0004987920000000001,
        0.000486583,
        0.0004987910000000001,
        0.00048350000000000004,
        0.000501,
        0.000448875,
        0.000504708,
        0.00046429100000000003,
        0.000455875,
        0.000834125,
        0.000478417,
        0.00045029200000000003,
        0.0004997910000000001,
        0.000461291,
        0.000460834,
        0.000475875,
        0.000444958,
        0.000455792,
        0.00048504200000000004,
        0.000453792,
        0.000488125,
        0.000450125,
        0.000491709,
        0.00043895800000000003,
        0.00043175,
        0.00046416700000000003,
        0.00043191700000000003,
        0.00045341600000000005,
        0.00048191700000000005,
        0.0005821250000000001,
        0.0004939170000000001,
        0.000510708,
        0.00048579200000000003,
        0.000509833,
        0.000483959,
        0.000485209,
        0.0005112080000000001,
        0.000469833,
        0.00046591700000000005
      ],
      "exit_codes": [
        0,
        0,
        0,
        0,
        0,
        0,
        0,
        0,
        0,
        0,
        0,
        0,
        0,
        0,
        0,
        0,
        0,
        0,
        0,
        0,
        0,
        0,
        0,
        0,
        0,
        0,
        0,
        0,
        0,
        0,
        0,
        0,
        0,
        0,
        0,
        0,
        0,
        0,
        0,
        0,
        0,
        0,
        0,
        0,
        0,
        0,
        0,
        0,
        0,
        0
      ]
    },
    {
      "command": "ASAN",
      "mean": 0.0036159442200000007,
      "stddev": 0.00033525494642297666,
      "median": 0.003463229,
      "user": 0.00132384,
      "system": 0.00172256,
      "min": 0.0031495420000000004,
      "max": 0.004757417,
      "times": [
        0.0034382920000000003,
        0.0033858330000000004,
        0.003411541,
        0.003303167,
        0.0034184170000000004,
        0.003775333,
        0.0037293340000000004,
        0.004099208,
        0.00405125,
        0.0042610420000000005,
        0.0041449170000000006,
        0.003598916,
        0.003763709,
        0.004757417,
        0.0035257920000000002,
        0.003449708,
        0.003446792,
        0.003452708,
        0.0038017090000000003,
        0.003645417,
        0.003467541,
        0.0034192920000000004,
        0.003497333,
        0.00317175,
        0.0037721660000000004,
        0.0032724580000000002,
        0.004243167,
        0.004077584,
        0.004263292,
        0.003335583,
        0.0034304580000000004,
        0.004067042,
        0.003412,
        0.0031495420000000004,
        0.003590708,
        0.003660083,
        0.0033875840000000003,
        0.003445458,
        0.0034235000000000003,
        0.003458917,
        0.00369475,
        0.003873084,
        0.003314459,
        0.0033997080000000004,
        0.003323041,
        0.0034285,
        0.0035202080000000004,
        0.0033658340000000003,
        0.003377292,
        0.003494375
      ],