{
  "results": [
    {
      "command": "BSAN",
      "mean": 0.0006412875199999998,
      "stddev": 0.00006781965783688263,
      "median": 0.0006255415,
      "user": 0.00028011999999999997,
      "system": 0.00016538000000000002,
      "min": 0.000561209,
      "max": 0.000971459,
      "times": [
        0.000683709,
        0.000657083,
        0.000666459,
        0.0006319170000000001,
        0.0006655420000000001,
        0.000745375,
        0.0007285830000000001,
        0.0006360420000000001,
        0.0007969170000000001,
        0.000971459,
        0.000689625,
        0.000637125,
        0.0006275,
        0.0006474580000000001,
        0.000605542,
        0.0006325,
        0.000623583,
        0.000605291,
        0.0006189590000000001,
        0.000591375,
        0.0005893750000000001,
        0.0007725000000000001,
        0.0005846250000000001,
        0.000592625,
        0.0006095,
        0.000581792,
        0.0005861250000000001,
        0.000599417,
        0.0005706250000000001,
        0.0006074580000000001,
        0.000561209,
        0.000648667,
        0.000598333,
        0.0006149160000000001,
        0.000633292,
        0.0006172910000000001,
        0.000644625,
        0.0006384170000000001,
        0.000611208,
        0.000665084,
        0.0006222080000000001,
        0.000595458,
        0.00064125,
        0.000630958,
        0.000648042,
        0.000611208,
        0.000608958,
        0.0006197500000000001,
        0.000696208,
        0.000601208
      ],
      "exit_codes": [
        0,
        0,
        0,
        0,
        0,
        0,
        0,
        0,
        0,
        0,
        0,
        0,
        0,
        0,
        0,
        0,
        0,
        0,
        0,
        0,
        0,
        0,
        0,
        0,
        0,
        0,
        0,
        0,
        0,
        0,
        0,
        0,
        0,
        0,
        0,
        0,
        0,
        0,
        0,
        0,
        0,
        0,
        0,
        0,
        0,
        0,
        0,
        0,
        0,
        0
      ]
    },
    {
      "command": "Miri",
      "mean": 0.07762760092000001,
      "stddev": 0.001441881015203205,
      "median": 0.077883771,
      "user": 0.04337311999999999,
      "system": 0.029067019999999995,
      "min": 0.074705042,
      "max": 0.08060200000000001,
      "times": [
        0.074705042,
        0.079058375,
        0.075766834,
        0.08025950000000001,
        0.07688779200000001,
        0.07968625,
        0.076521542,
        0.07589,
        0.077269208,
        0.075604,
        0.077683292,
        0.076604792,
        0.075204166,
        0.074749376,
        0.077382375,
        0.07868175000000001,
        0.075146,
        0.07732741700000001,
        0.075315042,
        0.07867958400000001,
        0.078126334,
        0.077360417,
        0.077484334,
        0.07960500000000001,
        0.07834479100000001,
        0.07829029200000001,
        0.07874391700000001,
        0.07895437500000001,
        0.078590583,
        0.079085,
        0.07674579200000001,
        0.07768691700000001,
        0.07621233300000001,
        0.07676070800000001,
        0.076709208,
        0.07876008300000001,
        0.076664166,
        0.07824491700000001,
        0.078742958,
        0.078464459,
        0.08060200000000001,
        0.076506375,
        0.078763,
        0.079323,
        0.076468042,
        0.078531583,
        0.07811087500000001,
        0.07846729200000001,
        0.078080625,
        0.078528333
      ],
      "exit_codes": [
        1,
        1,
        1,
        1,
        1,
        1,
        1,
        1,
        1,
        1,
        1,
        1,
        1,
        1,
        1,
        1,
        1,
        1,
        1,
        1,
        1,
        1,
        1,
        1,
        1,
        1,
        1,
        1,
        1,
        1,
        1,
        1,
        1,
        1,
        1,
        1,
        1,
        1,
        1,
        1,
        1,
        1,
        1,
        1,
        1,
        1,
        1,
        1,
        1,
        1
      ]
    },
    {
      "command": "Native",
      "mean": 0.0004557633599999999,
      "stddev": 0.00004510804786096311,
      "median": 0.000445188,
      "user": 0.00023528000000000006,
      "system": 0.00007099999999999999,
      "min": 0.00038300000000000004,
      "max": 0.0005902500000000001,
      "times": [
        0.000577875,
        0.0005069170000000001,
        0.000583084,
        0.0004980000000000001,
        0.00053925,
        0.000465833,
        0.00047995800000000006,
        0.000454959,
        0.00048587500000000003,
        0.000401625,
        0.000463791,
        0.00044270800000000004,
        0.000496125,
        0.00043154200000000004,
        0.00041354200000000003,
        0.000514583,
        0.000414333,
        0.000417541,
        0.000429,
        0.000425708,
        0.00038300000000000004,
        0.000444417,
        0.000451875,
        0.000449833,
        0.000448208,
        0.00046750000000000003,
        0.00045691700000000004,
        0.00041425,
        0.000445167,
        0.000443292,
        0.000436708,
        0.000425375,
        0.000432167,
        0.00046100000000000004,
        0.000419959,
        0.0004898330000000001,
        0.000445209,
        0.000436625,
        0.00046104200000000005,
        0.000429875,
        0.00044454200000000003,
        0.00045237500000000003,
        0.0005902500000000001,
        0.00046104100000000003,
        0.00039120800000000004,
        0.000417458,
        0.00042716700000000005,
        0.00043700000000000005,
        0.000469334,
        0.000413292
      ],
      "exit_codes": [
        0,
        0,
        0,
        0,
        0,
        0,
        0,
        0,
        0,
        0,
        0,
        0,
        0,
        0,
        0,
        0,
        0,
        0,
        0,
        0,
        0,
        0,
        0,
        0,
        0,
        0,
        0,
        0,
        0,
        0,
        0,
        0,
        0,
        0,
        0,
        0,
        0,
        0,
        0,
        0,
        0,
        0,
        0,
        0,
        0,
        0,
        0,
        0,
        0,
        0
      ]
    },
    {
      "command": "ASAN",
      "mean": 0.0034534376199999994,
      "stddev": 0.00023176647926464737,
      "median": 0.003359875,
      "user": 0.0013974599999999999,
      "system": 0.0015045800000000002,
      "min": 0.003071125,
      "max": 0.003961584000000001,
      "times": [
        0.003335625,
        0.003961584000000001,
        0.00324675,
        0.003124917,
        0.003408084,
        0.003356958,
        0.0039057920000000004,
        0.003797917,
        0.003769666,
        0.0037009580000000003,
        0.0038043340000000004,
        0.003657542,
        0.0037652090000000003,
        0.0033627920000000003,
        0.003320542,
        0.0038495,
        0.003327833,
        0.0038180410000000003,
        0.003101916,
        0.003071125,
        0.0032529580000000002,
        0.0034322920000000004,
        0.0035058750000000003,
        0.003187833,
        0.0031909580000000002,
        0.003353042,
        0.003393417,
        0.003503584,
        0.0036920000000000004,
        0.003275959,
        0.0032049170000000003,
        0.0033402080000000003,
        0.0034807500000000003,
        0.0035305000000000002,
        0.0033485420000000004,
        0.0033125840000000004,
        0.003403417,
        0.0034976670000000003,
        0.0032998330000000003,
        0.003222417,
        0.0033110830000000003,
        0.00332475,
        0.003334417,
        0.0032267090000000003,
        0.003457833,
        0.0037535830000000004,
        0.003775917,
        0.003677417,
        0.0033446250000000004,
        0.003349709
      ],