{
  "results": [
    {
      "command": "BSAN",
      "mean": 0.48914363438,
      "stddev": 0.0056666129325727895,
      "median": 0.487964396,
      "user": 0.48776531999999995,
      "system": 0.0009594600000000001,
      "min": 0.48252620900000004,
      "max": 0.51798275,
      "times": [
        0.483628834,
        0.486475042,
        0.48895870900000005,
        0.48867441600000006,
        0.48252620900000004,
        0.483362542,
        0.48582420800000004,
        0.484335,
        0.48417437500000005,
        0.484736667,
        0.48398475,
        0.48386400100000004,
        0.48598554200000005,
        0.51798275,
        0.488061834,
        0.485452959,
        0.49083570800000004,
        0.48985033400000005,
        0.489094375,
        0.486792292,
        0.48988450000000006,
        0.48967604200000003,
        0.48731229200000004,
        0.48545187500000003,
        0.48582833300000006,
        0.488762334,
        0.493518459,
        0.496756417,
        0.495954667,
        0.495032542,
        0.49751920800000005,
        0.498658625,
        0.49841700000000005,
        0.489261584,
        0.48800287600000003,
        0.48926920900000004,
        0.487984917,
        0.48928862500000003,
        0.48743287500000004,
        0.489831375,
        0.487943875,
        0.48918375000000003,
        0.488903417,
        0.48713729100000003,
        0.487901375,
        0.48764725000000003,
        0.48743158400000003,
        0.487901375,
        0.48705533300000003,
        0.487632167
      ],
      "exit_codes": [
        0,
        0,
        0,
        0,
        0,
        0,
        0,
        0,
        0,
        0,
        0,
        0,
        0,
        0,
        0,
        0,
        0,
        0,
        0,
        0,
        0,
        0,
        0,
        0,
        0,
        0,
        0,
        0,
        0,
        0,
        0,
        0,
        0,
        0,
        0,
        0,
        0,
        0,
        0,
        0,
        0,
        0,
        0,
        0,
        0,
        0,
        0,
        0,
        0,
        0
      ]
    },
    {
      "command": "Miri",
      "mean": 0.08132138090000002,
      "stddev": 0.0024301169031351456,
      "median": 0.081134396,
      "user": 0.04681108,
      "system": 0.03163716,
      "min": 0.07866225,
      "max": 0.09640125000000001,
      "times": [
        0.079411375,
        0.080021125,
        0.07866225,
        0.08091604200000001,
        0.08176016600000001,
        0.081125375,
        0.08035966600000001,
        0.079288167,
        0.08087554200000001,
        0.081851375,
        0.08069683400000001,
        0.0802095,
        0.07912666700000001,
        0.080241667,
        0.078937667,
        0.09640125000000001,
        0.079988875,
        0.081290583,
        0.08156895800000001,
        0.080428001,
        0.079841959,
        0.08054066700000001,
        0.079932666,
        0.08189312500000001,
        0.081973667,
        0.081877792,
        0.08180495800000001,
        0.080791334,
        0.081295875,
        0.08164054100000001,
        0.081554,
        0.081973959,
        0.07970358400000001,
        0.08096320800000001,
        0.081864542,
        0.081539583,
        0.083797333,
        0.082889459,
        0.079928625,
        0.082744625,
        0.08131995800000001,
        0.08038616700000001,
        0.081241292,
        0.080568792,
        0.08087316700000001,
        0.08114341700000001,
        0.08192616600000001,
        0.08257620800000001,
        0.08189875,
        0.082422541
      ],
      "exit_codes": [
        1,
        1,
        1,
        1,
        1,
        1,
        1,
        1,
        1,
        1,
        1,
        1,
        1,
        1,
        1,
        1,
        1,
        1,
        1,
        1,
        1,
        1,
        1,
        1,
        1,
        1,
        1,
        1,
        1,
        1,
        1,
        1,
        1,
        1,
        1,
        1,
        1,
        1,
        1,
        1,
        1,
        1,
        1,
        1,
        1,
        1,
        1,
        1,
        1,
        1
      ]
    },
    {
      "command": "Native",
      "mean": 0.0004634174399999999,
      "stddev": 0.0001491132323985134,
      "median": 0.000427437,
      "user": 0.00021292,
      "system": 0.00009054000000000001,
      "min": 0.000328916,
      "max": 0.0013315,
      "times": [
        0.000630583,
        0.00043495800000000005,
        0.000450333,
        0.000493667,
        0.000556625,
        0.00047170800000000004,
        0.00042520800000000005,
        0.000447375,
        0.000442166,
        0.00044600000000000005,
        0.00043683400000000004,
        0.000459291,
        0.000493583,
        0.000489125,
        0.0004923750000000001,
        0.000474041,
        0.0006205000000000001,
        0.000486625,
        0.00042070800000000005,
        0.00044762500000000005,
        0.00042966600000000004,
        0.00044020800000000004,
        0.00044683300000000005,
        0.000462375,
        0.0013315,
        0.0007521670000000001,
        0.000684083,
        0.00041229200000000003,
        0.00040179200000000005,
        0.000401125,
        0.000414625,
        0.00040954200000000004,
        0.000419958,
        0.00034366700000000003,
        0.000382042,
        0.00038475,
        0.00038212500000000003,
        0.000388917,
        0.000413125,
        0.00040245900000000003,
        0.000396625,
        0.00041983300000000004,
        0.000371875,
        0.000402834,
        0.000328916,
        0.00038504200000000004,
        0.00038583300000000003,
        0.000366917,
        0.000397458,
        0.000392958
      ],
      "exit_codes": [
        0,
        0,
        0,
        0,
        0,
        0,
        0,
        0,
        0,
        0,
        0,
        0,
        0,
        0,
        0,
        0,
        0,
        0,
        0,
        0,
        0,
        0,
        0,
        0,
        0,
        0,
        0,
        0,
        0,
        0,
        0,
        0,
        0,
        0,
        0,
        0,
        0,
        0,
        0,
        0,
        0,
        0,
        0,
        0,
        0,
        0,
        0,
        0,
        0,
        0
      ]
    },
    {
      "command": "ASAN",
      "mean": 0.003960103260000001,
      "stddev": 0.0003123994301414235,
      "median": 0.0038755205,
      "user": 0.0018685199999999996,
      "system": 0.0015364800000000004,
      "min": 0.003490958,
      "max": 0.004941458,
      "times": [
        0.0037666250000000004,
        0.0038767080000000004,
        0.00365225,
        0.003663,
        0.004105084,
        0.004409334,
        0.004258708,
        0.004236584,
        0.0043040000000000005,
        0.0036741250000000003,
        0.0037575000000000004,
        0.004142708,
        0.003909875,
        0.0037361250000000003,
        0.0039066660000000005,
        0.0038709580000000003,
        0.0036567080000000003,
        0.0038240830000000003,
        0.0037750410000000002,
        0.0038210410000000003,
        0.004615875,
        0.0045940420000000004,
        0.004061667000000001,
        0.004246958,
        0.003874333,
        0.003995167,
        0.004155375,
        0.004132542,
        0.00380525,
        0.003490958,
        0.004115625,
        0.003497084,
        0.00394425,
        0.003621041,
        0.0036975830000000004,
        0.003785875,
        0.0036871250000000003,
        0.004244250000000001,
        0.004264708,
        0.004126708000000001,
        0.003800625,
        0.003717375,
        0.0036272920000000003,
        0.004235041,
        0.004941458,
        0.003630416,
        0.003784416,
        0.0035323340000000003,
        0.004180125000000001,
        0.004252542000000001
      ],