{
  "results": [
    {
      "command": "BSAN",
      "mean": 0.0006762708599999999,
      "stddev": 0.00009996486006327321,
      "median": 0.0006385420000000001,
      "user": 0.00027196,
      "system": 0.00020532000000000005,
      "min": 0.000578791,
      "max": 0.001006125,
      "times": [
        0.000856375,
        0.0008607500000000001,
        0.000741958,
        0.000790084,
        0.000716625,
        0.0007040830000000001,
        0.000723709,
        0.000718917,
        0.000693542,
        0.0007096670000000001,
        0.000729083,
        0.000656166,
        0.000640292,
        0.0009261250000000001,
        0.000668125,
        0.00065775,
        0.0006402500000000001,
        0.0006368340000000001,
        0.000628375,
        0.000612125,
        0.0006139590000000001,
        0.000633041,
        0.001006125,
        0.000586833,
        0.0005919590000000001,
        0.0008982500000000001,
        0.000596667,
        0.000631041,
        0.000651833,
        0.0009023750000000001,
        0.0006827500000000001,
        0.000619291,
        0.0005927500000000001,
        0.0006407920000000001,
        0.0006189170000000001,
        0.0005920830000000001,
        0.000578791,
        0.000590125,
        0.000619917,
        0.000628333,
        0.000629209,
        0.0006285420000000001,
        0.0006190830000000001,
        0.000583208,
        0.000699167,
        0.000646042,
        0.0006050000000000001,
        0.0005976660000000001,
        0.000603709,
        0.00061525
      ],
      "exit_codes": [
        0,
        0,
        0,
        0,
        0,
        0,
        0,
        0,
        0,
        0,
        0,
        0,
        0,
        0,
        0,
        0,
        0,
        0,
        0,
        0,
        0,
        0,
        0,
        0,
        0,
        0,
        0,
        0,
        0,
        0,
        0,
        0,
        0,
        0,
        0,
        0,
        0,
        0,
        0,
        0,
        0,
        0,
        0,
        0,
        0,
        0,
        0,
        0,
        0,
        0
      ]
    },
    {
      "command": "Miri",
      "mean": 0.07855014509999998,
      "stddev": 0.002790807914372783,
      "median": 0.07819189600000001,
      "user": 0.044015900000000004,
      "system": 0.03125293999999999,
      "min": 0.075698,
      "max": 0.095035167,
      "times": [
        0.076494292,
        0.07737258400000001,
        0.07581262500000001,
        0.076513625,
        0.07625950000000001,
        0.07673975000000001,
        0.079641667,
        0.077253417,
        0.07776604100000001,
        0.076287667,
        0.07813775,
        0.076706208,
        0.07661166600000001,
        0.076435917,
        0.075698,
        0.07863845800000001,
        0.081316709,
        0.079556625,
        0.078739417,
        0.08029641600000001,
        0.07694704200000001,
        0.07994912500000001,
        0.079216042,
        0.07731916700000001,
        0.077995083,
        0.078246042,
        0.07965900000000001,
        0.07655125,
        0.079262542,
        0.078315667,
        0.077415458,
        0.079566125,
        0.07934100000000001,
        0.07714879100000001,
        0.077810084,
        0.077545,
        0.078588667,
        0.076196542,
        0.095035167,
        0.078268084,
        0.07790920900000001,
        0.079788125,
        0.080601542,
        0.079611209,
        0.08123079200000001,
        0.079635708,
        0.079131375,
        0.07797504200000001,
        0.07878225,
        0.08018779100000001
      ],
      "exit_codes": [
        1,
        1,
        1,
        1,
        1,
        1,
        1,
        1,
        1,
        1,
        1,
        1,
        1,
        1,
        1,
        1,
        1,
        1,
        1,
        1,
        1,
        1,
        1,
        1,
        1,
        1,
        1,
        1,
        1,
        1,
        1,
        1,
        1,
        1,
        1,
        1,
        1,
        1,
        1,
        1,
        1,
        1,
        1,
        1,
        1,
        1,
        1,
        1,
        1,
        1
      ]
    },
    {
      "command": "Native",
      "mean": 0.00064606838,
      "stddev": 0.00006152283191940425,
      "median": 0.0006363755000000001,
      "user": 0.00026649999999999997,
      "system": 0.00019319999999999998,
      "min": 0.0005690840000000001,
      "max": 0.0009646250000000001,
      "times": [
        0.0007111660000000001,
        0.0006368340000000001,
        0.000625917,
        0.000662667,
        0.0006728330000000001,
        0.0006204170000000001,
        0.0006492500000000001,
        0.00066825,
        0.0007040000000000001,
        0.0006575,
        0.000752333,
        0.0007299170000000001,
        0.000645333,
        0.0006019160000000001,
        0.000629292,
        0.000650334,
        0.0006001250000000001,
        0.000610166,
        0.0006097920000000001,
        0.0005705420000000001,
        0.000588083,
        0.0005690840000000001,
        0.000710125,
        0.000616833,
        0.000653709,
        0.000615958,
        0.0006359170000000001,
        0.000624417,
        0.0007316660000000001,
        0.000638167,
        0.0006565830000000001,
        0.0006425840000000001,
        0.0006475000000000001,
        0.000625875,
        0.000663375,
        0.0005697920000000001,
        0.0006108330000000001,
        0.0006427500000000001,
        0.000629833,
        0.0009646250000000001,
        0.000618375,
        0.0006225,
        0.000643,
        0.0006277090000000001,
        0.0006752080000000001,
        0.000662,
        0.000600708,
        0.000611709,
        0.000616,
        0.000579917
      ],
      "exit_codes": [
        0,
        0,
        0,
        0,
        0,
        0,
        0,
        0,
        0,
        0,
        0,
        0,
        0,
        0,
        0,
        0,
        0,
        0,
        0,
        0,
        0,
        0,
        0,
        0,
        0,
        0,
        0,
        0,
        0,
        0,
        0,
        0,
        0,
        0,
        0,
        0,
        0,
        0,
        0,
        0,
        0,
        0,
        0,
        0,
        0,
        0,
        0,
        0,
        0,
        0
      ]
    },
    {
      "command": "ASAN",
      "mean": 0.00358378586,
      "stddev": 0.0003006028572207965,
      "median": 0.0035245415,
      "user": 0.00141596,
      "system": 0.0016244800000000002,
      "min": 0.00317425,
      "max": 0.004749084000000001,
      "times": [
        0.004057375,
        0.00424725,
        0.0039061250000000003,
        0.0037097500000000004,
        0.003793083,
        0.003440292,
        0.0037934170000000003,
        0.0033490420000000004,
        0.0034217910000000004,
        0.0034902920000000003,
        0.0036190000000000003,
        0.0035430410000000002,
        0.003765291,
        0.0034543330000000004,
        0.0036469170000000004,
        0.003534459,
        0.0034025,
        0.0035535000000000002,
        0.0034642500000000003,
        0.0033446250000000004,
        0.003521208,
        0.0036550840000000003,
        0.004143334,
        0.004037167,
        0.0035297500000000003,
        0.0034149170000000004,
        0.003494,
        0.003527875,
        0.0034555000000000002,
        0.003377708,
        0.0034334170000000002,
        0.003481708,
        0.0036707920000000004,
        0.004749084000000001,
        0.0035315000000000004,
        0.003715542,
        0.003380917,
        0.0033233330000000004,
        0.0034976660000000004,
        0.003287917,
        0.003201541,
        0.0037315000000000004,
        0.0033402080000000003,
        0.0031832920000000003,
        0.00317425,
        0.003287542,
        0.003611125,
        0.003207791,
        0.0036105000000000004,
        0.004076792
      ],