{
  "results": [
    {
      "command": "BSAN",
      "mean": 0.005215146639999999,
      "stddev": 0.00012989138958387903,
      "median": 0.005182708,
      "user": 0.0043852000000000006,
      "system": 0.0005386599999999999,
      "min": 0.004988375000000001,
      "max": 0.005559792,
      "times": [
        0.00519425,
        0.005171375000000001,
        0.0052579160000000005,
        0.0051205,
        0.005215125,
        0.005143792,
        0.005175458,
        0.005149583,
        0.005285125000000001,
        0.005559792,
        0.0055581250000000006,
        0.005250458,
        0.005150333,
        0.005254792,
        0.005089583,
        0.005156708,
        0.005094667000000001,
        0.005183208,
        0.005115458000000001,
        0.005146667000000001,
        0.005121958,
        0.005154292,
        0.0051443750000000005,
        0.0053455,
        0.005446250000000001,
        0.0053265000000000005,
        0.005135583,
        0.005305792,
        0.005278667,
        0.005080792000000001,
        0.004988375000000001,
        0.005278084000000001,
        0.005168459,
        0.005182208000000001,
        0.005210083,
        0.005068917,
        0.005489292000000001,
        0.005277666,
        0.005388708000000001,
        0.0053940410000000005,
        0.0052908750000000004,
        0.00536875,
        0.005069583,
        0.005232583000000001,
        0.0052223750000000005,
        0.0050793340000000005,
        0.0052427080000000004,
        0.00500375,
        0.005056000000000001,
        0.005132917000000001
      ],
      "exit_codes": [
        0,
        0,
        0,
        0,
        0,
        0,
        0,
        0,
        0,
        0,
        0,
        0,
        0,
        0,
        0,
        0,
        0,
        0,
        0,
        0,
        0,
        0,
        0,
        0,
        0,
        0,
        0,
        0,
        0,
        0,
        0,
        0,
        0,
        0,
        0,
        0,
        0,
        0,
        0,
        0,
        0,
        0,
        0,
        0,
        0,
        0,
        0,
        0,
        0,
        0
      ]
    },
    {
      "command": "Miri",
      "mean": 0.0789561525,
      "stddev": 0.002776185759173129,
      "median": 0.078630479,
      "user": 0.045313980000000004,
      "system": 0.028000079999999986,
      "min": 0.07535275000000001,
      "max": 0.0908,
      "times": [
        0.07747116700000001,
        0.07535275000000001,
        0.076679708,
        0.07690833400000001,
        0.07596475000000001,
        0.076856875,
        0.078577958,
        0.07890066700000001,
        0.07879950100000001,
        0.0780445,
        0.07941208300000001,
        0.078239291,
        0.081317209,
        0.08686695800000001,
        0.08000054100000001,
        0.08061154200000001,
        0.079735417,
        0.07912925,
        0.08034225,
        0.078683,
        0.07813225,
        0.08028875,
        0.07756341700000001,
        0.07822525000000001,
        0.079398542,
        0.0908,
        0.084805083,
        0.08298029100000001,
        0.081827708,
        0.079314166,
        0.07897045800000001,
        0.07796725,
        0.07871650000000001,
        0.078342125,
        0.07947770900000001,
        0.07787845800000001,
        0.07708387500000001,
        0.079054333,
        0.07923883400000001,
        0.07630100000000001,
        0.077889209,
        0.075581667,
        0.07692291600000001,
        0.07691070800000001,
        0.07612337500000001,
        0.077218375,
        0.08046450000000001,
        0.077788125,
        0.07888458400000001,
        0.075764416
      ],
      "exit_codes": [
        1,
        1,
        1,
        1,
        1,
        1,
        1,
        1,
        1,
        1,
        1,
        1,
        1,
        1,
        1,
        1,
        1,
        1,
        1,
        1,
        1,
        1,
        1,
        1,
        1,
        1,
        1,
        1,
        1,
        1,
        1,
        1,
        1,
        1,
        1,
        1,
        1,
        1,
        1,
        1,
        1,
        1,
        1,
        1,
        1,
        1,
        1,
        1,
        1,
        1
      ]
    },
    {
      "command": "Native",
      "mean": 0.005349065919999999,
      "stddev": 0.00021889935971637376,
      "median": 0.005324771000000001,
      "user": 0.0046668199999999995,
      "system": 0.0004061,
      "min": 0.005057084,
      "max": 0.006488791000000001,
      "times": [
        0.005425458,
        0.0052845,
        0.005500459,
        0.005381083,
        0.005195125,
        0.005275125,
        0.0053941250000000005,
        0.0053863750000000005,
        0.005435083,
        0.0052649590000000005,
        0.0055641250000000005,
        0.005497042000000001,
        0.005639875,
        0.005248667,
        0.005381292,
        0.005383084000000001,
        0.005204167,
        0.0052046670000000005,
        0.005320417,
        0.005348041,
        0.005111792,
        0.005284917,
        0.005265167,
        0.005549208,
        0.00559575,
        0.0055925,
        0.0053291250000000005,
        0.005348,
        0.005234291,
        0.005145541,
        0.005185084,
        0.005187959000000001,
        0.005344083,
        0.005297250000000001,
        0.005152,
        0.005057084,
        0.005150292,
        0.005241708,
        0.005402917,
        0.005646750000000001,
        0.005429209,
        0.005416916,
        0.005294584000000001,
        0.005333583,
        0.005363042,
        0.006488791000000001,
        0.005133042,
        0.005123667,
        0.005165292,
        0.005250083
      ],
      "exit_codes": [
        0,
        0,
        0,
        0,
        0,
        0,
        0,
        0,
        0,
        0,
        0,
        0,
        0,
        0,
        0,
        0,
        0,
        0,
        0,
        0,
        0,
        0,
        0,
        0,
        0,
        0,
        0,
        0,
        0,
        0,
        0,
        0,
        0,
        0,
        0,
        0,
        0,
        0,
        0,
        0,
        0,
        0,
        0,
        0,
        0,
        0,
        0,
        0,
        0,
        0
      ]
    },
    {
      "command": "ASAN",
      "mean": 0.003655504979999999,
      "stddev": 0.00026323533856991923,
      "median": 0.003582979,
      "user": 0.0013286400000000003,
      "system": 0.0017785799999999999,
      "min": 0.003243208,
      "max": 0.004533209,
      "times": [
        0.003767041,
        0.003561125,
        0.003587167,
        0.003963459,
        0.003571167,
        0.003548583,
        0.0034990420000000004,
        0.0033657500000000003,
        0.003436708,
        0.004019625000000001,
        0.004533209,
        0.003870959,
        0.004322250000000001,
        0.0035306250000000003,
        0.003401584,
        0.0039912920000000005,
        0.003830584,
        0.003849583,
        0.0034698330000000003,
        0.0034330420000000003,
        0.003482667,
        0.0037252080000000003,
        0.0035735830000000004,
        0.0036400000000000004,
        0.0035787910000000004,
        0.003810083,
        0.004102125,
        0.003654417,
        0.0034677080000000003,
        0.0036059580000000003,
        0.00373325,
        0.003960291,
        0.00342275,
        0.003823583,
        0.0034725000000000003,
        0.003418875,
        0.003529958,
        0.0033615000000000003,
        0.0038327500000000002,
        0.0036766660000000003,
        0.003364375,
        0.003283916,
        0.003243208,
        0.0036105000000000004,
        0.003501792,
        0.003654834,
        0.0035105830000000003,
        0.003674291,
        0.0034465420000000004,
        0.0040599170000000006
      ],