{
  "results": [
    {
      "command": "BSAN",
      "mean": 0.0006078225000000002,
      "stddev": 0.00006197183313681092,
      "median": 0.0005956665000000001,
      "user": 0.00023668,
      "system": 0.00017286,
      "min": 0.000539459,
      "max": 0.0009343330000000001,
      "times": [
        0.000602292,
        0.0006067080000000001,
        0.0005838750000000001,
        0.000556375,
        0.0007292090000000001,
        0.0006710420000000001,
        0.000580667,
        0.0005968750000000001,
        0.0006000420000000001,
        0.000572708,
        0.000598875,
        0.0005484590000000001,
        0.0005715000000000001,
        0.000584333,
        0.000592541,
        0.000567208,
        0.0005944580000000001,
        0.000539459,
        0.0006147920000000001,
        0.000555292,
        0.0005821660000000001,
        0.0005780830000000001,
        0.00055825,
        0.000617459,
        0.000604916,
        0.0009343330000000001,
        0.000649417,
        0.0005993750000000001,
        0.000647916,
        0.000575833,
        0.0005864160000000001,
        0.0006670420000000001,
        0.000640667,
        0.0005724580000000001,
        0.000556333,
        0.000583375,
        0.00059825,
        0.0005500840000000001,
        0.000585708,
        0.0005542500000000001,
        0.000570083,
        0.000631584,
        0.0006500000000000001,
        0.000592167,
        0.000624833,
        0.00060475,
        0.00062925,
        0.0006467920000000001,
        0.000713375,
        0.00061925
      ],
      "exit_codes": [
        0,
        0,
        0,
        0,
        0,
        0,
        0,
        0,
        0,
        0,
        0,
        0,
        0,
        0,
        0,
        0,
        0,
        0,
        0,
        0,
        0,
        0,
        0,
        0,
        0,
        0,
        0,
        0,
        0,
        0,
        0,
        0,
        0,
        0,
        0,
        0,
        0,
        0,
        0,
        0,
        0,
        0,
        0,
        0,
        0,
        0,
        0,
        0,
        0,
        0
      ]
    },
    {
      "command": "Miri",
      "mean": 0.07816313588,
      "stddev": 0.001456490086279769,
      "median": 0.0781404795,
      "user": 0.04351758,
      "system": 0.029260139999999987,
      "min": 0.07527579200000001,
      "max": 0.084864833,
      "times": [
        0.078183125,
        0.07527579200000001,
        0.07816100000000001,
        0.07974858400000001,
        0.078547459,
        0.078305333,
        0.077025417,
        0.084864833,
        0.079845125,
        0.07783762500000001,
        0.078261833,
        0.07896800000000001,
        0.076741417,
        0.078997834,
        0.076258167,
        0.07862175,
        0.0790445,
        0.077859834,
        0.078125125,
        0.077967959,
        0.079468334,
        0.079937167,
        0.078277208,
        0.07925391700000001,
        0.078862,
        0.07841795800000001,
        0.075885875,
        0.07794129200000001,
        0.077810791,
        0.07786720800000001,
        0.07734379200000001,
        0.078756459,
        0.079423583,
        0.077993833,
        0.076411083,
        0.07834708400000001,
        0.077906916,
        0.07997095800000001,
        0.077126791,
        0.07632375000000001,
        0.07688875,
        0.0789215,
        0.07616679100000001,
        0.077428625,
        0.0768785,
        0.077756792,
        0.078868875,
        0.07716616600000001,
        0.07795825,
        0.07815583400000001
      ],
      "exit_codes": [
        1,
        1,
        1,
        1,
        1,
        1,
        1,
        1,
        1,
        1,
        1,
        1,
        1,
        1,
        1,
        1,
        1,
        1,
        1,
        1,
        1,
        1,
        1,
        1,
        1,
        1,
        1,
        1,
        1,
        1,
        1,
        1,
        1,
        1,
        1,
        1,
        1,
        1,
        1,
        1,
        1,
        1,
        1,
        1,
        1,
        1,
        1,
        1,
        1,
        1
      ]
    },
    {
      "command": "Native",
      "mean": 0.00065824094,
      "stddev": 0.00010715549925671342,
      "median": 0.000626771,
      "user": 0.00023332000000000005,
      "system": 0.00023668000000000002,
      "min": 0.0005470000000000001,
      "max": 0.001070792,
      "times": [
        0.000734542,
        0.001070792,
        0.000673792,
        0.0006575,
        0.000678167,
        0.000650917,
        0.0006229170000000001,
        0.0006677920000000001,
        0.000675417,
        0.00069375,
        0.0006745830000000001,
        0.00062825,
        0.0006457500000000001,
        0.0006229580000000001,
        0.0006252920000000001,
        0.0007267920000000001,
        0.0006231250000000001,
        0.000634875,
        0.0006302090000000001,
        0.000597292,
        0.0006045,
        0.000621583,
        0.0009517080000000001,
        0.0006901250000000001,
        0.000653667,
        0.000667667,
        0.000646333,
        0.000630208,
        0.000604709,
        0.000610292,
        0.0005919170000000001,
        0.0006182080000000001,
        0.000595625,
        0.0009407920000000001,
        0.000648917,
        0.0005470000000000001,
        0.0006009590000000001,
        0.0005904580000000001,
        0.000604792,
        0.000579959,
        0.0005846250000000001,
        0.00060475,
        0.0005985000000000001,
        0.000663666,
        0.000994958,
        0.000591375,
        0.0005872080000000001,
        0.000598167,
        0.000588834,
        0.0005658330000000001
      ],
      "exit_codes": [
        0,
        0,
        0,
        0,
        0,
        0,
        0,
        0,
        0,
        0,
        0,
        0,
        0,
        0,
        0,
        0,
        0,
        0,
        0,
        0,
        0,
        0,
        0,
        0,
        0,
        0,
        0,
        0,
        0,
        0,
        0,
        0,
        0,
        0,
        0,
        0,
        0,
        0,
        0,
        0,
        0,
        0,
        0,
        0,
        0,
        0,
        0,
        0,
        0,
        0
      ]
    },
    {
      "command": "ASAN",
      "mean": 0.00355801656,
      "stddev": 0.00039590559236459086,
      "median": 0.0034668125000000003,
      "user": 0.00133476,
      "system": 0.0016488800000000001,
      "min": 0.003124125,
      "max": 0.005428416,
      "times": [
        0.0034628330000000002,
        0.0035773330000000002,
        0.003586834,
        0.0035895000000000002,
        0.0044088750000000005,
        0.003707708,
        0.003805708,
        0.003533417,
        0.003531708,
        0.003414125,
        0.003269417,
        0.0031927080000000003,
        0.0031795,
        0.003221334,
        0.003384292,
        0.003389458,
        0.003534292,
        0.0035598340000000004,
        0.0034707920000000003,
        0.0033631250000000002,
        0.003379791,
        0.003300166,
        0.0031398330000000003,
        0.0037890000000000003,
        0.0038630410000000002,
        0.004049666,
        0.005428416,
        0.003863375,
        0.003970917,
        0.0033657500000000003,
        0.0032745,
        0.003850875,
        0.0034025,
        0.003266583,
        0.0032608750000000003,
        0.0031885420000000004,
        0.003124125,
        0.003186833,
        0.0036845830000000004,
        0.003605291,
        0.0032085000000000004,
        0.003261583,
        0.0033427080000000002,
        0.003449625,
        0.003448792,
        0.0034920000000000003,
        0.0037882500000000004,
        0.004259791000000001,
        0.003913833,
        0.0035582910000000003
      ],