{
  "results": [
    {
      "command": "BSAN",
      "mean": 0.49039173024,
      "stddev": 0.0049849589124439445,
      "median": 0.48839860450000006,
      "user": 0.4889172999999999,
      "system": 0.00101946,
      "min": 0.48293875100000005,
      "max": 0.504880792,
      "times": [
        0.48594762500000005,
        0.48777775,
        0.488197292,
        0.490051542,
        0.48708445800000005,
        0.48668854200000006,
        0.48482695900000006,
        0.48579258300000006,
        0.487056751,
        0.487324083,
        0.48584375,
        0.48681925000000004,
        0.48606995900000005,
        0.48293875100000005,
        0.48671775,
        0.48995270900000004,
        0.48656641700000003,
        0.49029479200000003,
        0.490285583,
        0.500590458,
        0.500065626,
        0.495384166,
        0.504880792,
        0.49629204200000004,
        0.49509125000000004,
        0.49427987500000004,
        0.48955304200000005,
        0.489736251,
        0.49046583400000004,
        0.48753445900000003,
        0.486698542,
        0.487299083,
        0.48825354200000004,
        0.487706625,
        0.489511709,
        0.486869125,
        0.486597875,
        0.488141292,
        0.48697283300000005,
        0.48920062500000006,
        0.49621104200000005,
        0.49486079200000005,
        0.49566366700000003,
        0.495460084,
        0.502153876,
        0.495834667,
        0.498156584,
        0.488543667,
        0.48916783300000005,
        0.486172708
      ],
      "exit_codes": [
        0,
        0,
        0,
        0,
        0,
        0,
        0,
        0,
        0,
        0,
        0,
        0,
        0,
        0,
        0,
        0,
        0,
        0,
        0,
        0,
        0,
        0,
        0,
        0,
        0,
        0,
        0,
        0,
        0,
        0,
        0,
        0,
        0,
        0,
        0,
        0,
        0,
        0,
        0,
        0,
        0,
        0,
        0,
        0,
        0,
        0,
        0,
        0,
        0,
        0
      ]
    },
    {
      "command": "Miri",
      "mean": 0.08095548918,
      "stddev": 0.001678345085781735,
      "median": 0.0807626665,
      "user": 0.04783207999999999,
      "system": 0.028628159999999996,
      "min": 0.07838916700000001,
      "max": 0.089556333,
      "times": [
        0.081515167,
        0.08229975,
        0.080663208,
        0.080853625,
        0.078806416,
        0.082150708,
        0.07948437500000001,
        0.0807795,
        0.08147154200000001,
        0.079591458,
        0.07968641600000001,
        0.082150292,
        0.08099875000000001,
        0.08114916700000001,
        0.078944708,
        0.08092300100000001,
        0.080943584,
        0.0791115,
        0.08208662500000001,
        0.081599167,
        0.07993600000000001,
        0.079548375,
        0.07997404200000001,
        0.080668709,
        0.080428334,
        0.08037962500000001,
        0.082521166,
        0.081734208,
        0.080745833,
        0.08020229200000001,
        0.08055275,
        0.08027595800000001,
        0.07964541700000001,
        0.08162920900000001,
        0.089556333,
        0.079187583,
        0.08019337500000001,
        0.080178291,
        0.07972333300000001,
        0.081633833,
        0.080031083,
        0.08241854200000001,
        0.082445875,
        0.083407375,
        0.082642375,
        0.081317417,
        0.081203625,
        0.08169325000000001,
        0.07838916700000001,
        0.080302125
      ],
      "exit_codes": [
        1,
        1,
        1,
        1,
        1,
        1,
        1,
        1,
        1,
        1,
        1,
        1,
        1,
        1,
        1,
        1,
        1,
        1,
        1,
        1,
        1,
        1,
        1,
        1,
        1,
        1,
        1,
        1,
        1,
        1,
        1,
        1,
        1,
        1,
        1,
        1,
        1,
        1,
        1,
        1,
        1,
        1,
        1,
        1,
        1,
        1,
        1,
        1,
        1,
        1
      ]
    },
    {
      "command": "Native",
      "mean": 0.4862952894199999,
      "stddev": 0.004969272242066267,
      "median": 0.48526385450000004,
      "user": 0.48510588000000027,
      "system": 0.0008201800000000001,
      "min": 0.48154875,
      "max": 0.5126417090000001,
      "times": [
        0.488649875,
        0.491869333,
        0.48965504200000004,
        0.48984395900000005,
        0.48911037500000004,
        0.487037084,
        0.490261834,
        0.490487375,
        0.48442558300000005,
        0.48585025000000004,
        0.486294708,
        0.48560416700000003,
        0.487774959,
        0.48637079200000005,
        0.486758334,
        0.48426537500000005,
        0.486205959,
        0.48279633400000005,
        0.483715125,
        0.48154875,
        0.48341279200000004,
        0.48402350000000005,
        0.484171,
        0.484225626,
        0.48499133400000005,
        0.48259429200000004,
        0.48321808400000005,
        0.48464175000000004,
        0.48875562600000005,
        0.48207383400000003,
        0.48273579200000005,
        0.484208542,
        0.484826833,
        0.48348687500000004,
        0.485536375,
        0.483199042,
        0.485614792,
        0.48234800000000005,
        0.48314483300000005,
        0.483377834,
        0.483968958,
        0.483729375,
        0.5126417090000001,
        0.500319292,
        0.485687833,
        0.48736170900000003,
        0.48643833300000006,
        0.485542167,
        0.485923042,
        0.48404008400000004
      ],
      "exit_codes": [
        0,
        0,
        0,
        0,
        0,
        0,
        0,
        0,
        0,
        0,
        0,
        0,
        0,
        0,
        0,
        0,
        0,
        0,
        0,
        0,
        0,
        0,
        0,
        0,
        0,
        0,
        0,
        0,
        0,
        0,
        0,
        0,
        0,
        0,
        0,
        0,
        0,
        0,
        0,
        0,
        0,
        0,
        0,
        0,
        0,
        0,
        0,
        0,
        0,
        0
      ]
    },
    {
      "command": "ASAN",
      "mean": 0.00379471844,
      "stddev": 0.00023281952246550922,
      "median": 0.0037413125000000003,
      "user": 0.00134952,
      "system": 0.0019582799999999993,
      "min": 0.0034777500000000004,
      "max": 0.0048707080000000005,
      "times": [
        0.0036265420000000004,
        0.004028708000000001,
        0.003905833,
        0.004129583,
        0.00375675,
        0.0036898750000000004,
        0.0038272920000000004,
        0.0037556660000000004,
        0.0037270840000000003,
        0.003719542,
        0.0038225840000000004,
        0.003823584,
        0.0038003750000000004,
        0.0036724580000000004,
        0.003539042,
        0.003612791,
        0.0037296250000000003,
        0.0037889580000000003,
        0.0048707080000000005,
        0.003925209,
        0.004197958,
        0.003949167,
        0.004072500000000001,
        0.003760709,
        0.0039028340000000004,
        0.0037070420000000002,
        0.003740375,
        0.004250084,
        0.0035333340000000004,
        0.0035787920000000003,
        0.0034777500000000004,
        0.003624875,
        0.0036936670000000003,
        0.0036775410000000003,
        0.0036866660000000003,
        0.003618917,
        0.004033,
        0.0036117090000000003,
        0.003524333,
        0.003850875,
        0.0037946670000000003,
        0.0037690830000000003,
        0.0038655420000000005,
        0.0035921670000000003,
        0.0036490420000000003,
        0.004006,
        0.0037391670000000003,
        0.0036107920000000003,
        0.003722875,
        0.0037422500000000004
      ],