{
  "results": [
    {
      "command": "./main",
      "mean": 0.0048221583,
      "stddev": 0.00041775768786969484,
      "median": 0.004736875,
      "user": 0.0038800999999999996,
      "system": 0.0007475,
      "min": 0.004370667,
      "max": 0.005820666,
      "times": [
        0.005820666,
        0.004460584,
        0.004595125,
        0.0047541250000000005,
        0.004370667,
        0.0045632500000000005,
        0.004837500000000001,
        0.004719625,
        0.005024541,
        0.0050755
      ],
      "exit_codes": [
        0,
        0,
        0,
        0,
        0,
        0,
        0,
        0,
        0,
        0
      ]
    },
    {
      "command": "./run-miri-bench.sh ./tests/benches/vector/Cargo.toml",
      "mean": 0.27894505830000005,
      "stddev": 0.004150373133738415,
      "median": 0.27954579150000003,
      "user": 0.21635580000000001,
      "system": 0.0507663,
      "min": 0.271133917,
      "max": 0.28407987500000004,
      "times": [
        0.281565041,
        0.28224350000000004,
        0.28312987500000003,
        0.276352417,
        0.271133917,
        0.28407987500000004,
        0.28091366700000003,
        0.27715041700000004,
        0.274703958,
        0.278177916
      ],
      "exit_codes": [
        0,
        0,
        0,
        0,
        0,
        0,
        0,
        0,
        0,
        0
      ]
    }
  ]
}
