{
  "results": [
    {
      "command": "../../target/release/hello_stress",
      "mean": 0.003907327733333333,
      "stddev": 0.0002910527925716931,
      "median": 0.0038228330000000003,
      "user": 0.0015752666666666662,
      "system": 0.0016819999999999997,
      "min": 0.003471792,
      "max": 0.004490125,
      "times": [
        0.004490125,
        0.004034833,
        0.004245209000000001,
        0.003784917,
        0.003874666,
        0.003775791,
        0.00426225,
        0.0038228330000000003,
        0.0036706250000000003,
        0.003471792,
        0.003655708,
        0.003652625,
        0.003621333,
        0.004114167,
        0.004133042
      ],
      "exit_codes": [
        0,
        0,
        0,
        0,
        0,
        0,
        0,
        0,
        0,
        0,
        0,
        0,
        0,
        0,
        0
      ]
    },
    {
      "command": "cargo miri run --manifest-path ./programs/Cargo.toml --release -p programs --bin hello_stress",
      "mean": 0.0910843944,
      "stddev": 0.011956997921983934,
      "median": 0.084899417,
      "user": 0.052419,
      "system": 0.032323866666666666,
      "min": 0.080868042,
      "max": 0.117291083,
      "times": [
        0.08181229200000001,
        0.08447312500000001,
        0.081971125,
        0.102794667,
        0.098924416,
        0.106753125,
        0.08943379100000001,
        0.084899417,
        0.08154425,
        0.08262404200000001,
        0.081462459,
        0.08534641600000001,
        0.080868042,
        0.106067666,
        0.117291083
      ],
      "exit_codes": [
        1,
        1,
        1,
        1,
        1,
        1,
        1,
        1,
        1,
        1,
        1,
        1,
        1,
        1,
        1
      ]
    },
    {
      "command": "../../target/release/hello_stress",
      "mean": 0.005457847133333334,
      "stddev": 0.001208812326717301,
      "median": 0.005280166,
      "user": 0.0017587333333333331,
      "system": 0.0027115999999999993,
      "min": 0.003958916,
      "max": 0.00757325,
      "times": [
        0.005280166,
        0.007273000000000001,
        0.00717175,
        0.00757325,
        0.005711917,
        0.005987167000000001,
        0.004737583,
        0.004452667,
        0.0065987910000000006,
        0.005390167,
        0.004375250000000001,
        0.004595958000000001,
        0.004214042,
        0.004547083,
        0.003958916
      ],
      "exit_codes": [
        0,
        0,
        0,
        0,
        0,
        0,
        0,
        0,
        0,
        0,
        0,
        0,
        0,
        0,
        0
      ]
    },
    {
      "command": "../../target/release/hello_stress",
      "mean": 0.004576625066666667,
      "stddev": 0.00042451865933926816,
      "median": 0.004453708000000001,
      "user": 0.0015991999999999998,
      "system": 0.0021318,
      "min": 0.004067875,
      "max": 0.0056599580000000005,
      "times": [
        0.004453708000000001,
        0.004220167,
        0.0043560840000000005,
        0.004323541,
        0.004424458,
        0.004067875,
        0.0043847090000000005,
        0.004153833,
        0.004623958,
        0.0056599580000000005,
        0.004718292000000001,
        0.004504084,
        0.004643459,
        0.004831542,
        0.005283708000000001
      ],
      "exit_codes": [
        0,
        0,
        0,
        0,
        0,
        0,
        0,
        0,
        0,
        0,
        0,
        0,
        0,
        0,
        0
      ]
    }
  ]
}
