{
  "results": [
    {
      "command": "../../target/release/hello_world",
      "mean": 0.0036335750666666665,
      "stddev": 0.00011862378943562151,
      "median": 0.0036554590000000002,
      "user": 0.0012494666666666664,
      "system": 0.0017637333333333336,
      "min": 0.003397625,
      "max": 0.0037716660000000003,
      "times": [
        0.0037713340000000003,
        0.0037269580000000003,
        0.0035935000000000003,
        0.00368775,
        0.0036554590000000002,
        0.0036992910000000004,
        0.0037691670000000004,
        0.0037716660000000003,
        0.0034239580000000004,
        0.003620209,
        0.0035173340000000004,
        0.003397625,
        0.0035810420000000004,
        0.003699958,
        0.0035883750000000004
      ],
      "exit_codes": [
        0,
        0,
        0,
        0,
        0,
        0,
        0,
        0,
        0,
        0,
        0,
        0,
        0,
        0,
        0
      ]
    },
    {
      "command": "cargo miri run --manifest-path ./programs/Cargo.toml --release -p programs --bin hello_world",
      "mean": 0.08116048333333332,
      "stddev": 0.0012728964177167927,
      "median": 0.081344125,
      "user": 0.04687906666666666,
      "system": 0.0293876,
      "min": 0.078933166,
      "max": 0.08321904200000001,
      "times": [
        0.081344125,
        0.078933166,
        0.082748416,
        0.08321904200000001,
        0.079707792,
        0.081088375,
        0.081795042,
        0.079206,
        0.081522833,
        0.0820815,
        0.0803895,
        0.081121417,
        0.08188816700000001,
        0.08006608300000001,
        0.082295792
      ],
      "exit_codes": [
        1,
        1,
        1,
        1,
        1,
        1,
        1,
        1,
        1,
        1,
        1,
        1,
        1,
        1,
        1
      ]
    },
    {
      "command": "../../target/release/hello_world",
      "mean": 0.003795497133333334,
      "stddev": 0.00019307857245464552,
      "median": 0.0036963330000000004,
      "user": 0.0015454,
      "system": 0.0015362000000000002,
      "min": 0.0035725830000000003,
      "max": 0.00420275,
      "times": [
        0.00420275,
        0.004055292,
        0.003920375,
        0.004010541,
        0.003635292,
        0.003611125,
        0.0035725830000000003,
        0.003649667,
        0.0037980410000000003,
        0.0036651670000000004,
        0.0036963330000000004,
        0.0036841250000000003,
        0.003771833,
        0.003993958000000001,
        0.0036653750000000002
      ],
      "exit_codes": [
        0,
        0,
        0,
        0,
        0,
        0,
        0,
        0,
        0,
        0,
        0,
        0,
        0,
        0,
        0
      ]
    },
    {
      "command": "../../target/release/hello_world",
      "mean": 0.0038202362000000004,
      "stddev": 0.00022768346969961864,
      "median": 0.003733875,
      "user": 0.0016614666666666666,
      "system": 0.0015170666666666666,
      "min": 0.003545125,
      "max": 0.004235375,
      "times": [
        0.004022167,
        0.00413025,
        0.004235375,
        0.004144041,
        0.0039445,
        0.0036533750000000004,
        0.003804417,
        0.0036520830000000004,
        0.003545125,
        0.003564125,
        0.0037058340000000003,
        0.0037306670000000004,
        0.003733875,
        0.003561584,
        0.0038761250000000002
      ],
      "exit_codes": [
        0,
        0,
        0,
        0,
        0,
        0,
        0,
        0,
        0,
        0,
        0,
        0,
        0,
        0,
        0
      ]
    }
  ]
}
