{
  "results": [
    {
      "command": "../../target/release/nothing",
      "mean": 0.0035399722666666672,
      "stddev": 0.00006001894221049441,
      "median": 0.003561041,
      "user": 0.0012806,
      "system": 0.0016831333333333328,
      "min": 0.0034517920000000004,
      "max": 0.0036494580000000004,
      "times": [
        0.0036494580000000004,
        0.003561041,
        0.0034677080000000003,
        0.0035648750000000003,
        0.00345675,
        0.00357325,
        0.003504042,
        0.0035840420000000004,
        0.003494959,
        0.0034906250000000002,
        0.003589,
        0.003527792,
        0.0036103330000000003,
        0.0034517920000000004,
        0.0035739170000000002
      ],
      "exit_codes": [
        0,
        0,
        0,
        0,
        0,
        0,
        0,
        0,
        0,
        0,
        0,
        0,
        0,
        0,
        0
      ]
    },
    {
      "command": "cargo miri run --manifest-path ./programs/Cargo.toml --release -p programs --bin nothing",
      "mean": 0.08013774733333334,
      "stddev": 0.0014615214861756559,
      "median": 0.079983625,
      "user": 0.045403933333333334,
      "system": 0.030846866666666663,
      "min": 0.078213458,
      "max": 0.083428,
      "times": [
        0.078390792,
        0.08032958400000001,
        0.079137708,
        0.07894695800000001,
        0.078213458,
        0.081409959,
        0.07907212500000001,
        0.079983625,
        0.079144958,
        0.083428,
        0.079515667,
        0.08003162500000001,
        0.081431708,
        0.08186104200000001,
        0.081169001
      ],
      "exit_codes": [
        1,
        1,
        1,
        1,
        1,
        1,
        1,
        1,
        1,
        1,
        1,
        1,
        1,
        1,
        1
      ]
    },
    {
      "command": "../../target/release/nothing",
      "mean": 0.0036941556000000004,
      "stddev": 0.00013948362884623515,
      "median": 0.003636167,
      "user": 0.0016354666666666669,
      "system": 0.0014409333333333335,
      "min": 0.003563292,
      "max": 0.004035208,
      "times": [
        0.004035208,
        0.003593625,
        0.003630625,
        0.003611042,
        0.003708041,
        0.003591667,
        0.0036026250000000004,
        0.003660042,
        0.0036797080000000003,
        0.003613208,
        0.003636167,
        0.003563292,
        0.0037123750000000004,
        0.003966542,
        0.0038081670000000003
      ],
      "exit_codes": [
        0,
        0,
        0,
        0,
        0,
        0,
        0,
        0,
        0,
        0,
        0,
        0,
        0,
        0,
        0
      ]
    },
    {
      "command": "../../target/release/nothing",
      "mean": 0.0035583250666666676,
      "stddev": 0.00014184272666758503,
      "median": 0.003534708,
      "user": 0.0012116666666666667,
      "system": 0.0018262666666666667,
      "min": 0.003359625,
      "max": 0.0038368340000000003,
      "times": [
        0.003826958,
        0.0038368340000000003,
        0.0036694170000000003,
        0.0035943330000000003,
        0.003660916,
        0.003534708,
        0.003359625,
        0.003444833,
        0.0035067920000000003,
        0.003585375,
        0.003541667,
        0.003480542,
        0.0034031670000000003,
        0.0035072500000000004,
        0.003422459
      ],
      "exit_codes": [
        0,
        0,
        0,
        0,
        0,
        0,
        0,
        0,
        0,
        0,
        0,
        0,
        0,
        0,
        0
      ]
    }
  ]
}
