{
  "results": [
    {
      "command": "../../target/release/vector",
      "mean": 0.0039005610666666673,
      "stddev": 0.00013843523576979264,
      "median": 0.003869167,
      "user": 0.0014922666666666664,
      "system": 0.0018128666666666667,
      "min": 0.0036866250000000002,
      "max": 0.004186083,
      "times": [
        0.004186083,
        0.003962375000000001,
        0.003869167,
        0.0038909170000000002,
        0.0037280420000000004,
        0.0038251670000000004,
        0.0038211670000000003,
        0.003847,
        0.003922125,
        0.004165416,
        0.0040246660000000005,
        0.0038416250000000004,
        0.0038665830000000003,
        0.0036866250000000002,
        0.0038714580000000004
      ],
      "exit_codes": [
        0,
        0,
        0,
        0,
        0,
        0,
        0,
        0,
        0,
        0,
        0,
        0,
        0,
        0,
        0
      ]
    },
    {
      "command": "cargo miri run --manifest-path ./programs/Cargo.toml --release -p programs --bin vector",
      "mean": 0.08073240833333334,
      "stddev": 0.0015862047063667727,
      "median": 0.08053425,
      "user": 0.04666653333333333,
      "system": 0.028346666666666666,
      "min": 0.078403125,
      "max": 0.08475162500000001,
      "times": [
        0.079516292,
        0.0802805,
        0.08167120900000001,
        0.07999458300000001,
        0.078403125,
        0.081555,
        0.08475162500000001,
        0.078836125,
        0.080566916,
        0.08053425,
        0.08293004200000001,
        0.08060025,
        0.07996650000000001,
        0.080073583,
        0.081306125
      ],
      "exit_codes": [
        1,
        1,
        1,
        1,
        1,
        1,
        1,
        1,
        1,
        1,
        1,
        1,
        1,
        1,
        1
      ]
    },
    {
      "command": "../../target/release/vector",
      "mean": 0.0038693972666666667,
      "stddev": 0.00020884472763428366,
      "median": 0.003780083,
      "user": 0.0016483999999999997,
      "system": 0.001634333333333333,
      "min": 0.00368825,
      "max": 0.004333166,
      "times": [
        0.004294958000000001,
        0.0038818330000000003,
        0.003854208,
        0.003780083,
        0.003737792,
        0.003747708,
        0.0038823750000000004,
        0.0037223340000000003,
        0.0038408340000000004,
        0.003701792,
        0.003743292,
        0.00368825,
        0.0037288750000000004,
        0.004103459,
        0.004333166
      ],
      "exit_codes": [
        0,
        0,
        0,
        0,
        0,
        0,
        0,
        0,
        0,
        0,
        0,
        0,
        0,
        0,
        0
      ]
    },
    {
      "command": "../../target/release/vector",
      "mean": 0.004762383333333333,
      "stddev": 0.002223951398359707,
      "median": 0.004010167,
      "user": 0.0019292666666666665,
      "system": 0.0022887333333333334,
      "min": 0.0037170000000000003,
      "max": 0.012545042000000001,
      "times": [
        0.004378583,
        0.0041972910000000006,
        0.003970666,
        0.003895583,
        0.003968209,
        0.0039869580000000005,
        0.004010167,
        0.0037170000000000003,
        0.012545042000000001,
        0.006061292,
        0.004645291,
        0.004019709000000001,
        0.00399375,
        0.004054042,
        0.0039921670000000005
      ],
      "exit_codes": [
        0,
        0,
        0,
        0,
        0,
        0,
        0,
        0,
        0,
        0,
        0,
        0,
        0,
        0,
        0
      ]
    }
  ]
}
