{
  "results": [
    {
      "command": "BSAN",
      "mean": 0.0006646374400000002,
      "stddev": 0.00008831239549120092,
      "median": 0.0006453540000000001,
      "user": 0.00029580000000000003,
      "system": 0.00016238,
      "min": 0.000586458,
      "max": 0.001199334,
      "times": [
        0.000716041,
        0.0007161670000000001,
        0.000803,
        0.0006310840000000001,
        0.000631584,
        0.000620083,
        0.0007267080000000001,
        0.000617583,
        0.000621958,
        0.0006746250000000001,
        0.000618667,
        0.000636458,
        0.0006590410000000001,
        0.000678875,
        0.00066925,
        0.001199334,
        0.00071025,
        0.000718458,
        0.000595375,
        0.000597167,
        0.000647166,
        0.000620041,
        0.000623334,
        0.0006500000000000001,
        0.000645541,
        0.000634625,
        0.0006245830000000001,
        0.000651,
        0.000596375,
        0.0006212500000000001,
        0.000609292,
        0.0006442920000000001,
        0.000690208,
        0.0007383750000000001,
        0.0006640000000000001,
        0.0006605000000000001,
        0.000643291,
        0.000638291,
        0.000635625,
        0.0007014580000000001,
        0.000586458,
        0.000642417,
        0.0006606250000000001,
        0.0005968330000000001,
        0.0006246670000000001,
        0.000709833,
        0.0006451670000000001,
        0.000666125,
        0.000652667,
        0.000666125
      ],
      "exit_codes": [
        0,
        0,
        0,
        0,
        0,
        0,
        0,
        0,
        0,
        0,
        0,
        0,
        0,
        0,
        0,
        0,
        0,
        0,
        0,
        0,
        0,
        0,
        0,
        0,
        0,
        0,
        0,
        0,
        0,
        0,
        0,
        0,
        0,
        0,
        0,
        0,
        0,
        0,
        0,
        0,
        0,
        0,
        0,
        0,
        0,
        0,
        0,
        0,
        0,
        0
      ]
    },
    {
      "command": "Miri",
      "mean": 0.07751551502000002,
      "stddev": 0.0022611140248795323,
      "median": 0.077672,
      "user": 0.04452006,
      "system": 0.02742724,
      "min": 0.073951583,
      "max": 0.08948062500000001,
      "times": [
        0.07647583300000001,
        0.074400958,
        0.079183001,
        0.07794395900000001,
        0.076406083,
        0.077813666,
        0.075689542,
        0.077216167,
        0.08948062500000001,
        0.074858167,
        0.076806917,
        0.07665258300000001,
        0.07851237500000001,
        0.078186792,
        0.079083833,
        0.07771975,
        0.076256792,
        0.078248,
        0.07611316700000001,
        0.073969875,
        0.078357751,
        0.078113,
        0.077445583,
        0.077002583,
        0.07688937500000001,
        0.080343709,
        0.077353083,
        0.07774270800000001,
        0.07767341700000001,
        0.077806584,
        0.07430775,
        0.078926834,
        0.078974083,
        0.077698875,
        0.07872762500000001,
        0.076873458,
        0.073951583,
        0.07885112500000001,
        0.07693754200000001,
        0.078175875,
        0.076263042,
        0.07725483300000001,
        0.07817620800000001,
        0.076948166,
        0.079403583,
        0.077670583,
        0.07799141700000001,
        0.078406083,
        0.07448650000000001,
        0.076004708
      ],
      "exit_codes": [
        1,
        1,
        1,
        1,
        1,
        1,
        1,
        1,
        1,
        1,
        1,
        1,
        1,
        1,
        1,
        1,
        1,
        1,
        1,
        1,
        1,
        1,
        1,
        1,
        1,
        1,
        1,
        1,
        1,
        1,
        1,
        1,
        1,
        1,
        1,
        1,
        1,
        1,
        1,
        1,
        1,
        1,
        1,
        1,
        1,
        1,
        1,
        1,
        1,
        1
      ]
    },
    {
      "command": "Native",
      "mean": 0.0005162424799999998,
      "stddev": 0.00013670211575467925,
      "median": 0.00048077100000000006,
      "user": 0.00022347999999999997,
      "system": 0.00008873999999999998,
      "min": 0.000405416,
      "max": 0.0012033340000000001,
      "times": [
        0.0008279590000000001,
        0.0007136250000000001,
        0.00051475,
        0.0005363340000000001,
        0.00058975,
        0.000750917,
        0.000564666,
        0.0005235,
        0.0005300410000000001,
        0.000463667,
        0.0005425,
        0.0005249580000000001,
        0.0005550420000000001,
        0.000517541,
        0.000572792,
        0.0004914580000000001,
        0.0004897920000000001,
        0.000501458,
        0.000470208,
        0.00047812500000000003,
        0.000487792,
        0.0004805,
        0.00045112500000000003,
        0.000482458,
        0.00046795800000000003,
        0.000509333,
        0.00048104200000000005,
        0.000457167,
        0.00044441600000000005,
        0.0012033340000000001,
        0.00048112500000000005,
        0.000423291,
        0.00047295800000000005,
        0.00044050000000000003,
        0.000813875,
        0.00041816700000000005,
        0.000428834,
        0.00043766700000000004,
        0.00045487500000000004,
        0.00044,
        0.00042958300000000004,
        0.00046525,
        0.000422458,
        0.00042270800000000005,
        0.000405416,
        0.00043841700000000003,
        0.00040916700000000005,
        0.000459917,
        0.000513291,
        0.00041041700000000005
      ],
      "exit_codes": [
        0,
        0,
        0,
        0,
        0,
        0,
        0,
        0,
        0,
        0,
        0,
        0,
        0,
        0,
        0,
        0,
        0,
        0,
        0,
        0,
        0,
        0,
        0,
        0,
        0,
        0,
        0,
        0,
        0,
        0,
        0,
        0,
        0,
        0,
        0,
        0,
        0,
        0,
        0,
        0,
        0,
        0,
        0,
        0,
        0,
        0,
        0,
        0,
        0,
        0
      ]
    },
    {
      "command": "ASAN",
      "mean": 0.0036529291800000007,
      "stddev": 0.00030426073485750367,
      "median": 0.0035877290000000004,
      "user": 0.0013945600000000002,
      "system": 0.0016903199999999995,
      "min": 0.003101875,
      "max": 0.004992042,
      "times": [
        0.0035510000000000003,
        0.0034759580000000003,
        0.003479625,
        0.0036992500000000003,
        0.0033075,
        0.003725416,
        0.003640916,
        0.00356425,
        0.003682625,
        0.003914916,
        0.004009083,
        0.003834417,
        0.0038043340000000004,
        0.0034438750000000003,
        0.0037470000000000003,
        0.004067,
        0.004080041,
        0.003576375,
        0.0035267090000000003,
        0.003350459,
        0.004992042,
        0.0041868750000000005,
        0.003907375,
        0.0033753330000000003,
        0.003428042,
        0.0035275840000000003,
        0.0034838750000000004,
        0.0036582090000000004,
        0.0039752500000000005,
        0.003926375,
        0.0037413330000000003,
        0.003541667,
        0.003781584,
        0.003487958,
        0.0036495000000000004,
        0.003481833,
        0.003101875,
        0.003143625,
        0.0036724590000000003,
        0.003373875,
        0.003428125,
        0.003925125000000001,
        0.003616208,
        0.0035704590000000002,
        0.0035990830000000003,
        0.0034538750000000003,
        0.003522541,
        0.003448333,
        0.0033759170000000004,
        0.003789375
      ],