{
  "results": [
    {
      "command": "BSAN",
      "mean": 0.0052013908000000005,
      "stddev": 0.00018665520914690136,
      "median": 0.005146521,
      "user": 0.0045858,
      "system": 0.00032616,
      "min": 0.00493575,
      "max": 0.0058312500000000005,
      "times": [
        0.005136833,
        0.0051773750000000006,
        0.005131,
        0.00521525,
        0.005116834000000001,
        0.00514325,
        0.0050654160000000005,
        0.00493575,
        0.005156458,
        0.0058312500000000005,
        0.005358458,
        0.005406208,
        0.005163959,
        0.005175583,
        0.00517025,
        0.005628500000000001,
        0.0051482920000000005,
        0.00514475,
        0.005098208,
        0.004999458,
        0.005065167000000001,
        0.005077708,
        0.00513475,
        0.0053772920000000005,
        0.005508708,
        0.005530500000000001,
        0.0055277500000000005,
        0.005168083,
        0.005142334,
        0.0050872090000000005,
        0.005057291,
        0.005144083000000001,
        0.005165208,
        0.00504175,
        0.005160833,
        0.004989417,
        0.0050463750000000005,
        0.0054596670000000005,
        0.005281208,
        0.005054250000000001,
        0.005189875,
        0.005467375,
        0.005513125000000001,
        0.0051555,
        0.005181750000000001,
        0.005132208,
        0.005008167,
        0.004986334,
        0.0050997080000000005,
        0.005112833000000001
      ],
      "exit_codes": [
        0,
        0,
        0,
        0,
        0,
        0,
        0,
        0,
        0,
        0,
        0,
        0,
        0,
        0,
        0,
        0,
        0,
        0,
        0,
        0,
        0,
        0,
        0,
        0,
        0,
        0,
        0,
        0,
        0,
        0,
        0,
        0,
        0,
        0,
        0,
        0,
        0,
        0,
        0,
        0,
        0,
        0,
        0,
        0,
        0,
        0,
        0,
        0,
        0,
        0
      ]
    },
    {
      "command": "Miri",
      "mean": 0.07847687166,
      "stddev": 0.0018197842497041392,
      "median": 0.078002041,
      "user": 0.04415244,
      "system": 0.028904339999999994,
      "min": 0.07478225000000001,
      "max": 0.08410587500000001,
      "times": [
        0.07766904100000001,
        0.08135379100000001,
        0.07897929100000001,
        0.078819042,
        0.0804895,
        0.077914416,
        0.07766933300000001,
        0.078860751,
        0.07864670900000001,
        0.07946491600000001,
        0.079135833,
        0.08410587500000001,
        0.080287833,
        0.080336292,
        0.082132958,
        0.079995625,
        0.08186620800000001,
        0.08121312500000001,
        0.07919983300000001,
        0.077873625,
        0.07774254200000001,
        0.07587945900000001,
        0.076238208,
        0.078089666,
        0.080310375,
        0.07720175,
        0.077001,
        0.07478225000000001,
        0.077637958,
        0.079321292,
        0.07939758300000001,
        0.078779375,
        0.077712084,
        0.07760241600000001,
        0.076958792,
        0.077189834,
        0.07908645900000001,
        0.076905417,
        0.07924650000000001,
        0.07710575,
        0.077199958,
        0.077186459,
        0.077674167,
        0.07853750100000001,
        0.074786667,
        0.07770325,
        0.077046583,
        0.07945895800000001,
        0.076403208,
        0.07764412500000001
      ],
      "exit_codes": [
        1,
        1,
        1,
        1,
        1,
        1,
        1,
        1,
        1,
        1,
        1,
        1,
        1,
        1,
        1,
        1,
        1,
        1,
        1,
        1,
        1,
        1,
        1,
        1,
        1,
        1,
        1,
        1,
        1,
        1,
        1,
        1,
        1,
        1,
        1,
        1,
        1,
        1,
        1,
        1,
        1,
        1,
        1,
        1,
        1,
        1,
        1,
        1,
        1,
        1
      ]
    },
    {
      "command": "Native",
      "mean": 0.00050202754,
      "stddev": 0.00009023685977769386,
      "median": 0.0005014374999999999,
      "user": 0.00022607999999999995,
      "system": 0.00009078000000000001,
      "min": 0.000350917,
      "max": 0.0009091250000000001,
      "times": [
        0.000791125,
        0.00055825,
        0.000516917,
        0.0005525,
        0.0005003750000000001,
        0.0005155,
        0.000513708,
        0.0004964580000000001,
        0.000508709,
        0.000503042,
        0.000518917,
        0.000618583,
        0.000517167,
        0.0004899580000000001,
        0.0005355840000000001,
        0.000501458,
        0.000513584,
        0.0005079580000000001,
        0.000494042,
        0.000498708,
        0.000490042,
        0.00046462500000000003,
        0.00048216700000000003,
        0.0005037910000000001,
        0.00047850000000000003,
        0.00039783300000000005,
        0.00042266600000000004,
        0.00039850000000000004,
        0.00036425000000000004,
        0.000375125,
        0.00037154200000000004,
        0.000350917,
        0.000377166,
        0.0005054170000000001,
        0.000499417,
        0.000491,
        0.000501417,
        0.000532833,
        0.00048475000000000005,
        0.000496208,
        0.000514167,
        0.00055375,
        0.000506209,
        0.00046266700000000005,
        0.00048270900000000006,
        0.0004907500000000001,
        0.000522375,
        0.000510708,
        0.000508208,
        0.0009091250000000001
      ],
      "exit_codes": [
        0,
        0,
        0,
        0,
        0,
        0,
        0,
        0,
        0,
        0,
        0,
        0,
        0,
        0,
        0,
        0,
        0,
        0,
        0,
        0,
        0,
        0,
        0,
        0,
        0,
        0,
        0,
        0,
        0,
        0,
        0,
        0,
        0,
        0,
        0,
        0,
        0,
        0,
        0,
        0,
        0,
        0,
        0,
        0,
        0,
        0,
        0,
        0,
        0,
        0
      ]
    },
    {
      "command": "ASAN",
      "mean": 0.00366531424,
      "stddev": 0.0003140892833436522,
      "median": 0.0035247710000000003,
      "user": 0.0012879399999999996,
      "system": 0.00182456,
      "min": 0.003278042,
      "max": 0.004810667,
      "times": [
        0.004209458,
        0.0034460410000000004,
        0.003538625,
        0.003801,
        0.003957292,
        0.003899375,
        0.004039375,
        0.004314334,
        0.004810667,
        0.00416975,
        0.0035246250000000004,
        0.0039679170000000005,
        0.0033445420000000003,
        0.0034365420000000003,
        0.0035037500000000004,
        0.0036235420000000004,
        0.003381625,
        0.0038935840000000003,
        0.0037175410000000004,
        0.0035249170000000002,
        0.00339325,
        0.003457209,
        0.003519625,
        0.0037777500000000003,
        0.0034273330000000003,
        0.0034192920000000004,
        0.0038921660000000003,
        0.0038711670000000004,
        0.0037755830000000003,
        0.004236209,
        0.003278042,
        0.0036611670000000003,
        0.0034737920000000003,
        0.003517666,
        0.003804791,
        0.0035158330000000003,
        0.0034611250000000002,
        0.0034487080000000004,
        0.003448333,
        0.0038485000000000004,
        0.003429334,
        0.003380792,
        0.0035015840000000003,
        0.003374708,
        0.003436375,
        0.0037408750000000003,
        0.0032809170000000004,
        0.003726458,
        0.003281167,
        0.003781459
      ],