{
  "results": [
    {
      "command": "BSAN",
      "mean": 0.0006721959199999999,
      "stddev": 0.00007519153470558521,
      "median": 0.0006530625,
      "user": 0.00025414,
      "system": 0.00020088000000000001,
      "min": 0.000591583,
      "max": 0.001086209,
      "times": [
        0.0006745830000000001,
        0.000595042,
        0.0006156670000000001,
        0.0006320830000000001,
        0.000621834,
        0.000619375,
        0.0006198750000000001,
        0.000724083,
        0.000661625,
        0.000648583,
        0.0006408750000000001,
        0.000654791,
        0.0007439170000000001,
        0.000641209,
        0.0006898750000000001,
        0.000746792,
        0.0007210420000000001,
        0.000691167,
        0.0006499590000000001,
        0.00065675,
        0.000671417,
        0.001086209,
        0.000669709,
        0.000728167,
        0.000806333,
        0.000673917,
        0.0006728340000000001,
        0.0006695000000000001,
        0.0007113750000000001,
        0.0007283330000000001,
        0.000652667,
        0.000617083,
        0.000642,
        0.000591583,
        0.000633833,
        0.0006418750000000001,
        0.000595584,
        0.0006269170000000001,
        0.000668917,
        0.000649708,
        0.000687292,
        0.000652875,
        0.0006361250000000001,
        0.000754416,
        0.000720041,
        0.000632542,
        0.000634167,
        0.0006532500000000001,
        0.0006085,
        0.0006435000000000001
      ],
      "exit_codes": [
        0,
        0,
        0,
        0,
        0,
        0,
        0,
        0,
        0,
        0,
        0,
        0,
        0,
        0,
        0,
        0,
        0,
        0,
        0,
        0,
        0,
        0,
        0,
        0,
        0,
        0,
        0,
        0,
        0,
        0,
        0,
        0,
        0,
        0,
        0,
        0,
        0,
        0,
        0,
        0,
        0,
        0,
        0,
        0,
        0,
        0,
        0,
        0,
        0,
        0
      ]
    },
    {
      "command": "Miri",
      "mean": 0.07716191918000001,
      "stddev": 0.0015358788803992581,
      "median": 0.077200354,
      "user": 0.04384714000000001,
      "system": 0.027753959999999998,
      "min": 0.074064875,
      "max": 0.080768084,
      "times": [
        0.076367708,
        0.074518,
        0.07566170800000001,
        0.074064875,
        0.076546167,
        0.074564709,
        0.077324709,
        0.074744,
        0.07776883400000001,
        0.07838529200000001,
        0.07490358400000001,
        0.076960542,
        0.080768084,
        0.079695208,
        0.077882291,
        0.076397,
        0.08021700000000001,
        0.077213667,
        0.076532875,
        0.079695,
        0.07722075,
        0.07866975000000001,
        0.077187041,
        0.079274167,
        0.078991958,
        0.076856958,
        0.078647042,
        0.076495958,
        0.076772458,
        0.075118375,
        0.077351916,
        0.07546541600000001,
        0.0764855,
        0.076438459,
        0.077583334,
        0.079105625,
        0.07615079200000001,
        0.07729975,
        0.0763895,
        0.077072083,
        0.07516758400000001,
        0.077316625,
        0.075612334,
        0.076672458,
        0.078352458,
        0.07783545800000001,
        0.078012333,
        0.077978083,
        0.07754195800000001,
        0.07881858300000001
      ],
      "exit_codes": [
        1,
        1,
        1,
        1,
        1,
        1,
        1,
        1,
        1,
        1,
        1,
        1,
        1,
        1,
        1,
        1,
        1,
        1,
        1,
        1,
        1,
        1,
        1,
        1,
        1,
        1,
        1,
        1,
        1,
        1,
        1,
        1,
        1,
        1,
        1,
        1,
        1,
        1,
        1,
        1,
        1,
        1,
        1,
        1,
        1,
        1,
        1,
        1,
        1,
        1
      ]
    },
    {
      "command": "Native",
      "mean": 0.00046140914000000006,
      "stddev": 0.00010825328486263792,
      "median": 0.000440271,
      "user": 0.00021302000000000002,
      "system": 0.00009405999999999998,
      "min": 0.00035879200000000003,
      "max": 0.0010279170000000002,
      "times": [
        0.0008861660000000001,
        0.0010279170000000002,
        0.000458333,
        0.00046325,
        0.00044837500000000004,
        0.00043645800000000003,
        0.000459208,
        0.000553041,
        0.00043608300000000003,
        0.00043900000000000005,
        0.000432084,
        0.000492166,
        0.00041575000000000005,
        0.00044500000000000003,
        0.0004285,
        0.00042912500000000004,
        0.00041654200000000005,
        0.000426417,
        0.000453834,
        0.000380708,
        0.000441542,
        0.00043283300000000003,
        0.00040062500000000005,
        0.000388334,
        0.00043245800000000004,
        0.000461208,
        0.00042170900000000004,
        0.000494875,
        0.000424583,
        0.00045891700000000004,
        0.00041625,
        0.00046308300000000004,
        0.00047904200000000005,
        0.00043575000000000005,
        0.000441708,
        0.00047700000000000005,
        0.00042104200000000005,
        0.00042520800000000005,
        0.00046345800000000003,
        0.00035879200000000003,
        0.00037475000000000003,
        0.000480041,
        0.00042125,
        0.000455958,
        0.00041287500000000005,
        0.00048637500000000005,
        0.000427334,
        0.00044658400000000003,
        0.00045283300000000003,
        0.000446083
      ],
      "exit_codes": [
        0,
        0,
        0,
        0,
        0,
        0,
        0,
        0,
        0,
        0,
        0,
        0,
        0,
        0,
        0,
        0,
        0,
        0,
        0,
        0,
        0,
        0,
        0,
        0,
        0,
        0,
        0,
        0,
        0,
        0,
        0,
        0,
        0,
        0,
        0,
        0,
        0,
        0,
        0,
        0,
        0,
        0,
        0,
        0,
        0,
        0,
        0,
        0,
        0,
        0
      ]
    },
    {
      "command": "ASAN",
      "mean": 0.0035437157600000015,
      "stddev": 0.0003465976467541767,
      "median": 0.0034237290000000004,
      "user": 0.0012808799999999999,
      "system": 0.00174136,
      "min": 0.003173833,
      "max": 0.004919000000000001,
      "times": [
        0.003429708,
        0.003315208,
        0.003716458,
        0.003364792,
        0.003365083,
        0.003528125,
        0.003456792,
        0.0033817910000000003,
        0.003360416,
        0.0036161670000000004,
        0.003906291,
        0.004340625,
        0.004000083000000001,
        0.004333458,
        0.003805292,
        0.0034364160000000003,
        0.0034624160000000003,
        0.004919000000000001,
        0.00341775,
        0.0032881250000000002,
        0.0033736250000000003,
        0.0033389580000000004,
        0.003887375,
        0.0034607500000000003,
        0.003173833,
        0.00337125,
        0.0032869170000000003,
        0.003443958,
        0.003413834,
        0.0037310420000000004,
        0.003589375,
        0.003852083,
        0.004100959,
        0.003637958,
        0.003934334,
        0.003366833,
        0.003201792,
        0.0031952910000000003,
        0.003337875,
        0.0037894580000000003,
        0.003467,
        0.0031755420000000004,
        0.003355916,
        0.003197708,
        0.003285792,
        0.00337825,
        0.0032982500000000004,
        0.003405917,
        0.003435875,
        0.0032540420000000004
      ],