{
  "results": [
    {
      "command": "BSAN",
      "mean": 0.4846266126799999,
      "stddev": 0.002746130384142914,
      "median": 0.48421918750000004,
      "user": 0.4830692599999999,
      "system": 0.00115992,
      "min": 0.479510417,
      "max": 0.49059404100000004,
      "times": [
        0.481050417,
        0.48551550000000004,
        0.482046417,
        0.48425479200000004,
        0.48704816700000003,
        0.49059404100000004,
        0.49012337500000003,
        0.48265575000000005,
        0.485702917,
        0.48354050000000004,
        0.482979875,
        0.485206208,
        0.48050575,
        0.485707834,
        0.48707925,
        0.48382429200000004,
        0.487356542,
        0.48991166700000005,
        0.487404125,
        0.486666584,
        0.48702412500000003,
        0.479510417,
        0.48336587500000006,
        0.48354945800000004,
        0.48383700100000004,
        0.48418358300000003,
        0.47958350000000005,
        0.48873291700000004,
        0.483582,
        0.48343041700000006,
        0.48487237600000005,
        0.48310225,
        0.484489333,
        0.485470875,
        0.48288941700000004,
        0.48776791700000005,
        0.48772291700000003,
        0.48192962600000006,
        0.48086845800000005,
        0.48850254200000004,
        0.48020554200000004,
        0.48427087500000005,
        0.48494783300000005,
        0.48240270900000004,
        0.488764833,
        0.48394687500000005,
        0.48174004200000003,
        0.483480917,
        0.484711084,
        0.483270917
      ],
      "exit_codes": [
        0,
        0,
        0,
        0,
        0,
        0,
        0,
        0,
        0,
        0,
        0,
        0,
        0,
        0,
        0,
        0,
        0,
        0,
        0,
        0,
        0,
        0,
        0,
        0,
        0,
        0,
        0,
        0,
        0,
        0,
        0,
        0,
        0,
        0,
        0,
        0,
        0,
        0,
        0,
        0,
        0,
        0,
        0,
        0,
        0,
        0,
        0,
        0,
        0,
        0
      ]
    },
    {
      "command": "Miri",
      "mean": 0.07957960752,
      "stddev": 0.0012541837639252565,
      "median": 0.07948875,
      "user": 0.04574608,
      "system": 0.028264099999999997,
      "min": 0.076929833,
      "max": 0.08313287500000001,
      "times": [
        0.07931808400000001,
        0.077889208,
        0.079249417,
        0.078632875,
        0.08073175,
        0.079145084,
        0.08313287500000001,
        0.077845334,
        0.080150625,
        0.08092275,
        0.07952358300000001,
        0.080158583,
        0.078764791,
        0.08024279200000001,
        0.07952225,
        0.079586875,
        0.080144042,
        0.07891325,
        0.079600167,
        0.079397833,
        0.078343542,
        0.07998416600000001,
        0.08169791700000001,
        0.07945525,
        0.0808325,
        0.07859379200000001,
        0.080973292,
        0.080028,
        0.080052042,
        0.08119266700000001,
        0.079531792,
        0.07789175000000001,
        0.080897416,
        0.079883917,
        0.07887020800000001,
        0.081888625,
        0.081071667,
        0.078174291,
        0.077947792,
        0.079374417,
        0.080750208,
        0.07816129200000001,
        0.07929970800000001,
        0.077988333,
        0.076929833,
        0.07845350000000001,
        0.07835670800000001,
        0.07897625000000001,
        0.081566625,
        0.078940708
      ],
      "exit_codes": [
        1,
        1,
        1,
        1,
        1,
        1,
        1,
        1,
        1,
        1,
        1,
        1,
        1,
        1,
        1,
        1,
        1,
        1,
        1,
        1,
        1,
        1,
        1,
        1,
        1,
        1,
        1,
        1,
        1,
        1,
        1,
        1,
        1,
        1,
        1,
        1,
        1,
        1,
        1,
        1,
        1,
        1,
        1,
        1,
        1,
        1,
        1,
        1,
        1,
        1
      ]
    },
    {
      "command": "Native",
      "mean": 0.00046865664000000007,
      "stddev": 0.00016088337029659163,
      "median": 0.0004227915,
      "user": 0.00021093999999999998,
      "system": 0.00010253999999999999,
      "min": 0.000364667,
      "max": 0.001417,
      "times": [
        0.000708458,
        0.000499208,
        0.00051575,
        0.00050975,
        0.000495,
        0.000485,
        0.001417,
        0.000517833,
        0.000460833,
        0.000438458,
        0.000442833,
        0.00044775,
        0.000446125,
        0.000493708,
        0.00042662500000000003,
        0.00041691700000000005,
        0.00041437500000000003,
        0.00043675,
        0.00040845800000000005,
        0.000422875,
        0.00043170800000000005,
        0.000418333,
        0.000422375,
        0.00041279200000000004,
        0.000402875,
        0.000449667,
        0.000732125,
        0.000411541,
        0.00040391600000000004,
        0.000413125,
        0.000430042,
        0.00041162500000000004,
        0.000411417,
        0.000403125,
        0.00039858300000000004,
        0.000455834,
        0.00040545800000000003,
        0.00037029200000000004,
        0.000373334,
        0.00038250000000000003,
        0.00043225,
        0.000364667,
        0.000408459,
        0.000413125,
        0.000408417,
        0.000429667,
        0.000396333,
        0.00041250000000000005,
        0.0008003330000000001,
        0.00042270800000000005
      ],
      "exit_codes": [
        0,
        0,
        0,
        0,
        0,
        0,
        0,
        0,
        0,
        0,
        0,
        0,
        0,
        0,
        0,
        0,
        0,
        0,
        0,
        0,
        0,
        0,
        0,
        0,
        0,
        0,
        0,
        0,
        0,
        0,
        0,
        0,
        0,
        0,
        0,
        0,
        0,
        0,
        0,
        0,
        0,
        0,
        0,
        0,
        0,
        0,
        0,
        0,
        0,
        0
      ]
    },
    {
      "command": "ASAN",
      "mean": 0.004052285819999999,
      "stddev": 0.0002725537234184349,
      "median": 0.003965125,
      "user": 0.0017185400000000004,
      "system": 0.00174124,
      "min": 0.0037282500000000002,
      "max": 0.0050853750000000005,
      "times": [
        0.0050853750000000005,
        0.004648583,
        0.004345292000000001,
        0.0038422910000000003,
        0.003884708,
        0.0037396670000000003,
        0.00436875,
        0.003948791,
        0.004233583,
        0.004343125000000001,
        0.004007583,
        0.0038519580000000004,
        0.004430209,
        0.0037336250000000004,
        0.003782,
        0.00403825,
        0.003940209,
        0.003932542000000001,
        0.003987084,
        0.004134667,
        0.0038909160000000003,
        0.003961708,
        0.003847,
        0.004155750000000001,
        0.004159709,
        0.003916667,
        0.003968542,
        0.004069209,
        0.0042457910000000005,
        0.004641500000000001,
        0.004562916,
        0.004133708,
        0.004140083,
        0.0038475410000000003,
        0.0039197500000000005,
        0.003947125,
        0.003783125,
        0.0037282500000000002,
        0.003890834,
        0.0038342090000000003,
        0.0039709160000000005,
        0.004161792,
        0.003919458000000001,
        0.004182708,
        0.00401825,
        0.0038567920000000004,
        0.003848667,
        0.003817417,
        0.0038514580000000003,
        0.004064208000000001
      ],