{
  "results": [
    {
      "command": "./target/release/hello_world",
      "mean": 0.0021988308799999997,
      "stddev": 0.001197727575014974,
      "median": 0.001694396,
      "user": 0.00030295999999999996,
      "system": 0.00098628,
      "min": 0.001103084,
      "max": 0.005371333000000001,
      "times": [
        0.0018535420000000001,
        0.00252075,
        0.001992041,
        0.0019360830000000001,
        0.001396375,
        0.0040685,
        0.004383541,
        0.00164225,
        0.0015300000000000001,
        0.00502325,
        0.001605625,
        0.001753959,
        0.001576542,
        0.00314625,
        0.001831542,
        0.0013952910000000001,
        0.001103084,
        0.0011242910000000001,
        0.002088167,
        0.0018550830000000002,
        0.0013132080000000002,
        0.0013946660000000001,
        0.0012455410000000002,
        0.003938209000000001,
        0.003474125,
        0.001313167,
        0.00126475,
        0.00134025,
        0.0028194170000000003,
        0.001486417,
        0.0015624170000000002,
        0.00129375,
        0.0015219580000000001,
        0.005371333000000001,
        0.0018942910000000002,
        0.0013751660000000001,
        0.001340709,
        0.001158125,
        0.004090875,
        0.001746542,
        0.001155584,
        0.001227625,
        0.0013768340000000002,
        0.00464725,
        0.004450334,
        0.0014827920000000001,
        0.002241209,
        0.002483583,
        0.004274334,
        0.001830917
      ],
      "exit_codes": [
        0,
        0,
        0,
        0,
        0,
        0,
        0,
        0,
        0,
        0,
        0,
        0,
        0,
        0,
        0,
        0,
        0,
        0,
        0,
        0,
        0,
        0,
        0,
        0,
        0,
        0,
        0,
        0,
        0,
        0,
        0,
        0,
        0,
        0,
        0,
        0,
        0,
        0,
        0,
        0,
        0,
        0,
        0,
        0,
        0,
        0,
        0,
        0,
        0,
        0
      ]
    },
    {
      "command": "./hello_world",
      "mean": 0.0038414684200000003,
      "stddev": 0.002556893940362409,
      "median": 0.0029688125,
      "user": 0.00029600000000000004,
      "system": 0.00324146,
      "min": 0.001754708,
      "max": 0.012370208,
      "times": [
        0.0037622090000000003,
        0.0019375420000000002,
        0.002599084,
        0.005310666,
        0.002678166,
        0.0030740000000000003,
        0.0027986670000000003,
        0.001846834,
        0.004269083,
        0.002376459,
        0.003057583,
        0.0019134590000000002,
        0.003364625,
        0.010154375,
        0.003303125,
        0.0020518750000000003,
        0.004327625,
        0.001767459,
        0.005960875,
        0.0028323330000000002,
        0.0020722500000000003,
        0.0027395,
        0.001754708,
        0.0056201670000000006,
        0.002289625,
        0.0038346670000000004,
        0.0029616250000000003,
        0.0027483750000000004,
        0.003601209,
        0.0020514170000000003,
        0.001911584,
        0.0018377080000000002,
        0.001996541,
        0.003725875,
        0.0029760000000000003,
        0.003010125,
        0.0051630420000000005,
        0.012370208,
        0.006352916,
        0.0030982920000000003,
        0.006325834000000001,
        0.009713292,
        0.009606375,
        0.002210375,
        0.0018185830000000001,
        0.002274791,
        0.010252375000000001,
        0.004572167,
        0.001960209,
        0.0018375420000000002
      ],
      "exit_codes": [
        0,
        0,
        0,
        0,
        0,
        0,
        0,
        0,
        0,
        0,
        0,
        0,
        0,
        0,
        0,
        0,
        0,
        0,
        0,
        0,
        0,
        0,
        0,
        0,
        0,
        0,
        0,
        0,
        0,
        0,
        0,
        0,
        0,
        0,
        0,
        0,
        0,
        0,
        0,
        0,
        0,
        0,
        0,
        0,
        0,
        0,
        0,
        0,
        0,
        0
      ]
    },
    {
      "command": "cargo +nightly miri run -p programs --bin hello_world",
      "mean": 0.27011655434000004,
      "stddev": 0.13871406121931681,
      "median": 0.19305354150000004,
      "user": 0.14546459999999997,
      "system": 0.11420870000000002,
      "min": 0.152085875,
      "max": 0.7479832500000001,
      "times": [
        0.173831292,
        0.358915042,
        0.22092087500000002,
        0.16183904200000002,
        0.162040875,
        0.414738417,
        0.29424745900000004,
        0.156485292,
        0.152273084,
        0.42043012500000004,
        0.309406084,
        0.16083575,
        0.156615,
        0.21351070900000002,
        0.540891042,
        0.180959,
        0.16036133400000002,
        0.159539875,
        0.4806575,
        0.22545879100000002,
        0.16961275,
        0.15707558400000002,
        0.469278625,
        0.328915667,
        0.167328208,
        0.7479832500000001,
        0.46557808300000003,
        0.18867470800000002,
        0.363177167,
        0.37513908300000004,
        0.284567833,
        0.155794084,
        0.16457137500000002,
        0.443186709,
        0.38934708300000004,
        0.168345083,
        0.167049042,
        0.155153083,
        0.509696667,
        0.19743237500000002,
        0.17647516700000002,
        0.160805625,
        0.41988862600000004,
        0.25726750000000004,
        0.16453679200000002,
        0.16001658400000002,
        0.40979508400000003,
        0.275061375,
        0.152085875,
        0.158032042
      ],
      "exit_codes": [
        0,
        0,
        0,
        0,
        0,
        0,
        0,
        0,
        0,
        0,
        0,
        0,
        0,
        0,
        0,
        0,
        0,
        0,
        0,
        0,
        0,
        0,
        0,
        0,
        0,
        0,
        0,
        0,
        0,
        0,
        0,
        0,
        0,
        0,
        0,
        0,
        0,
        0,
        0,
        0,
        0,
        0,
        0,
        0,
        0,
        0,
        0,
        0,
        0,
        0
      ]
    }
  ]
}
