{
  "results": [
    {
      "command": "BSAN",
      "mean": 0.005291546680000002,
      "stddev": 0.00028101015728170285,
      "median": 0.005253021,
      "user": 0.004424759999999999,
      "system": 0.00053702,
      "min": 0.005010041000000001,
      "max": 0.006938875000000001,
      "times": [
        0.005374333,
        0.005156916,
        0.005239792,
        0.005236167,
        0.005411625000000001,
        0.005260792,
        0.005226958,
        0.0052471670000000005,
        0.005349250000000001,
        0.005372167000000001,
        0.005246833,
        0.00523075,
        0.0051655,
        0.005288625,
        0.005209958000000001,
        0.005303,
        0.005103833,
        0.005147583000000001,
        0.005349167,
        0.005129666000000001,
        0.005101541,
        0.0051998750000000005,
        0.0052997090000000005,
        0.0055514580000000004,
        0.005487459,
        0.005348625,
        0.005289292,
        0.0051035,
        0.0051114590000000005,
        0.005010041000000001,
        0.005159708000000001,
        0.006938875000000001,
        0.005052333,
        0.0052771250000000006,
        0.005290583000000001,
        0.0051282920000000004,
        0.005019875,
        0.005189,
        0.005354500000000001,
        0.005287458,
        0.005089084000000001,
        0.005064750000000001,
        0.005468042,
        0.005112709,
        0.0052588750000000005,
        0.005302291000000001,
        0.005349584,
        0.005334917000000001,
        0.005807208,
        0.0055390840000000005
      ],
      "exit_codes": [
        0,
        0,
        0,
        0,
        0,
        0,
        0,
        0,
        0,
        0,
        0,
        0,
        0,
        0,
        0,
        0,
        0,
        0,
        0,
        0,
        0,
        0,
        0,
        0,
        0,
        0,
        0,
        0,
        0,
        0,
        0,
        0,
        0,
        0,
        0,
        0,
        0,
        0,
        0,
        0,
        0,
        0,
        0,
        0,
        0,
        0,
        0,
        0,
        0,
        0
      ]
    },
    {
      "command": "cargo miri run --manifest-path ./programs/Cargo.toml --release -p programs --bin hello_stress",
      "mean": 0.07861145836000001,
      "stddev": 0.0016110068080473685,
      "median": 0.0783790415,
      "user": 0.044643699999999994,
      "system": 0.028433419999999994,
      "min": 0.074675208,
      "max": 0.08306416600000001,
      "times": [
        0.07872920800000001,
        0.08000950000000001,
        0.07881200000000001,
        0.080901125,
        0.08152675000000001,
        0.07774916700000001,
        0.080015917,
        0.081393458,
        0.078060708,
        0.080036542,
        0.08096,
        0.07785820900000001,
        0.077949,
        0.07686970800000001,
        0.07830695900000001,
        0.07877425,
        0.07841475,
        0.07941120900000001,
        0.0771825,
        0.078831708,
        0.076408958,
        0.078916,
        0.07921312500000001,
        0.07714087500000001,
        0.07834320900000001,
        0.078950958,
        0.07700395900000001,
        0.07696620900000001,
        0.080017708,
        0.075115083,
        0.07731808300000001,
        0.079800125,
        0.074675208,
        0.078326042,
        0.077697125,
        0.08306416600000001,
        0.08062066700000001,
        0.078191042,
        0.080630541,
        0.07864433400000001,
        0.078343333,
        0.07811991700000001,
        0.076878792,
        0.077919,
        0.077893167,
        0.07769358300000001,
        0.07947462500000001,
        0.0765625,
        0.079406791,
        0.079445125
      ],
      "exit_codes": [
        1,
        1,
        1,
        1,
        1,
        1,
        1,
        1,
        1,
        1,
        1,
        1,
        1,
        1,
        1,
        1,
        1,
        1,
        1,
        1,
        1,
        1,
        1,
        1,
        1,
        1,
        1,
        1,
        1,
        1,
        1,
        1,
        1,
        1,
        1,
        1,
        1,
        1,
        1,
        1,
        1,
        1,
        1,
        1,
        1,
        1,
        1,
        1,
        1,
        1
      ]
    },
    {
      "command": "../../target/release/hello_stress-native",
      "mean": 0.0052895467600000004,
      "stddev": 0.00013577792423473064,
      "median": 0.005286667,
      "user": 0.004590260000000001,
      "system": 0.0004448799999999999,
      "min": 0.005023375,
      "max": 0.005569167000000001,
      "times": [
        0.005330708,
        0.005569167000000001,
        0.005199083,
        0.0053326250000000006,
        0.005506792,
        0.0055515420000000005,
        0.005440834,
        0.005344291,
        0.0052535,
        0.005292167,
        0.005369250000000001,
        0.005180042,
        0.005171416000000001,
        0.0054592090000000005,
        0.005244875,
        0.00525075,
        0.005285959000000001,
        0.0050932090000000005,
        0.005313625000000001,
        0.005198458,
        0.005160542000000001,
        0.0054110420000000005,
        0.005540958,
        0.0055611670000000005,
        0.005487125000000001,
        0.005287375,
        0.005318833,
        0.00502425,
        0.005200084000000001,
        0.0051643750000000006,
        0.005181958,
        0.005264667000000001,
        0.005305917,
        0.005023375,
        0.0053026670000000005,
        0.005185417,
        0.005155416,
        0.0053108750000000005,
        0.00532725,
        0.005355875,
        0.005332292000000001,
        0.005168833,
        0.005138500000000001,
        0.005226000000000001,
        0.005160667000000001,
        0.0053950840000000005,
        0.0054891670000000005,
        0.005256500000000001,
        0.005183208,
        0.005170417
      ],
      "exit_codes": [
        0,
        0,
        0,
        0,
        0,
        0,
        0,
        0,
        0,
        0,
        0,
        0,
        0,
        0,
        0,
        0,
        0,
        0,
        0,
        0,
        0,
        0,
        0,
        0,
        0,
        0,
        0,
        0,
        0,
        0,
        0,
        0,
        0,
        0,
        0,
        0,
        0,
        0,
        0,
        0,
        0,
        0,
        0,
        0,
        0,
        0,
        0,
        0,
        0,
        0
      ]
    },
    {
      "command": "../../target/release/hello_stress-asan",
      "mean": 0.00368338416,
      "stddev": 0.00027760152354815994,
      "median": 0.0036721455000000005,
      "user": 0.00136166,
      "system": 0.0017918399999999998,
      "min": 0.0032195830000000003,
      "max": 0.004503875,