{
  "results": [
    {
      "command": "./target/release/nothing",
      "mean": 0.0018424041200000006,
      "stddev": 0.0009127055737699875,
      "median": 0.0014152085,
      "user": 0.00026283999999999997,
      "system": 0.0007721200000000002,
      "min": 0.000823583,
      "max": 0.005044917,
      "times": [
        0.002232333,
        0.0014368340000000001,
        0.001314625,
        0.001289791,
        0.0021104590000000003,
        0.0033779580000000003,
        0.001169625,
        0.001223375,
        0.001144208,
        0.0031216660000000004,
        0.005044917,
        0.001275625,
        0.001562917,
        0.004521083,
        0.0018364590000000001,
        0.001264292,
        0.001725792,
        0.001896333,
        0.002178375,
        0.0014671250000000001,
        0.001301667,
        0.001178584,
        0.002473583,
        0.0019139170000000002,
        0.0017641660000000002,
        0.001353875,
        0.001156792,
        0.0012453330000000002,
        0.0030743750000000003,
        0.0013253330000000002,
        0.0012433750000000001,
        0.001344125,
        0.0017406250000000002,
        0.0037113750000000003,
        0.00138375,
        0.0011447500000000002,
        0.001197666,
        0.001970875,
        0.002027625,
        0.0013847500000000001,
        0.0012460000000000001,
        0.00124,
        0.0017635,
        0.0038076660000000003,
        0.002251583,
        0.0013897080000000001,
        0.0011969580000000001,
        0.001877292,
        0.000823583,
        0.001393583
      ],
      "exit_codes": [
        0,
        0,
        0,
        0,
        0,
        0,
        0,
        0,
        0,
        0,
        0,
        0,
        0,
        0,
        0,
        0,
        0,
        0,
        0,
        0,
        0,
        0,
        0,
        0,
        0,
        0,
        0,
        0,
        0,
        0,
        0,
        0,
        0,
        0,
        0,
        0,
        0,
        0,
        0,
        0,
        0,
        0,
        0,
        0,
        0,
        0,
        0,
        0,
        0,
        0
      ]
    },
    {
      "command": "./nothing",
      "mean": 0.0034307524799999985,
      "stddev": 0.0018839041975475493,
      "median": 0.0026293545,
      "user": 0.00037059999999999996,
      "system": 0.0027410800000000003,
      "min": 0.001565542,
      "max": 0.008614167,
      "times": [
        0.001565542,
        0.00164925,
        0.001861,
        0.0055805,
        0.0021133750000000002,
        0.00310375,
        0.00534525,
        0.006570042000000001,
        0.004854875000000001,
        0.008016292000000001,
        0.008417791,
        0.008614167,
        0.0035435830000000003,
        0.001945209,
        0.0034651660000000004,
        0.005013458,
        0.004688208,
        0.002542458,
        0.0017672500000000002,
        0.002535916,
        0.002632292,
        0.0029797910000000003,
        0.005201334,
        0.002500416,
        0.0016648750000000001,
        0.0038234170000000004,
        0.003181333,
        0.0015987080000000001,
        0.002887459,
        0.002031333,
        0.0042879170000000005,
        0.0022877920000000003,
        0.0022913340000000003,
        0.004199792,
        0.002479666,
        0.0023814160000000003,
        0.007116875000000001,
        0.002517792,
        0.0017296660000000001,
        0.0016842080000000002,
        0.003652583,
        0.0047888340000000005,
        0.004752209,
        0.0017364580000000002,
        0.0026264170000000002,
        0.004306667,
        0.001925042,
        0.0016254580000000002,
        0.001704208,
        0.0017492500000000002
      ],
      "exit_codes": [
        0,
        0,
        0,
        0,
        0,
        0,
        0,
        0,
        0,
        0,
        0,
        0,
        0,
        0,
        0,
        0,
        0,
        0,
        0,
        0,
        0,
        0,
        0,
        0,
        0,
        0,
        0,
        0,
        0,
        0,
        0,
        0,
        0,
        0,
        0,
        0,
        0,
        0,
        0,
        0,
        0,
        0,
        0,
        0,
        0,
        0,
        0,
        0,
        0,
        0
      ]
    },
    {
      "command": "cargo +nightly miri run -p programs --bin nothing",
      "mean": 0.26785645602,
      "stddev": 0.129411790629533,
      "median": 0.208136396,
      "user": 0.13931046,
      "system": 0.12293597999999994,
      "min": 0.13531958400000002,
      "max": 0.515988042,
      "times": [
        0.297262375,
        0.1500255,
        0.40535112500000003,
        0.287579916,
        0.143133375,
        0.14860404200000002,
        0.399297875,
        0.296431626,
        0.14411179100000002,
        0.14059791700000002,
        0.347026084,
        0.453241292,
        0.16285891700000002,
        0.148357292,
        0.473920708,
        0.44698775,
        0.1600365,
        0.141228042,
        0.16377708300000002,
        0.46850554200000005,
        0.19088154200000002,
        0.152458416,
        0.141998583,
        0.410017542,
        0.368243959,
        0.139670542,
        0.159614417,
        0.401984667,
        0.29550845800000003,
        0.13531958400000002,
        0.154352084,
        0.224817292,
        0.467536333,
        0.17569616700000001,
        0.1549695,
        0.137247042,
        0.515988042,
        0.446123667,
        0.185227834,
        0.37915800000000005,
        0.382104626,
        0.22711491700000003,
        0.271242417,
        0.48001729200000004,
        0.1914555,
        0.15053870900000002,
        0.140775792,
        0.45803712500000004,
        0.33627354200000004,
        0.140114458
      ],
      "exit_codes": [
        0,
        0,
        0,
        0,
        0,
        0,
        0,
        0,
        0,
        0,
        0,
        0,
        0,
        0,
        0,
        0,
        0,
        0,
        0,
        0,
        0,
        0,
        0,
        0,
        0,
        0,
        0,
        0,
        0,
        0,
        0,
        0,
        0,
        0,
        0,
        0,
        0,
        0,
        0,
        0,
        0,
        0,
        0,
        0,
        0,
        0,
        0,
        0,
        0,
        0
      ]
    }
  ]
}
