{
  "results": [
    {
      "command": "../../target/release/hello_world",
      "mean": 0.00362201344,
      "stddev": 0.00029633808339677147,
      "median": 0.0035767290000000003,
      "user": 0.00151114,
      "system": 0.0015296999999999993,
      "min": 0.0031925,
      "max": 0.004511,
      "times": [
        0.004511,
        0.003767208,
        0.003431791,
        0.003424167,
        0.0034751250000000003,
        0.0033362500000000002,
        0.0036832080000000003,
        0.0033715420000000004,
        0.0034335420000000004,
        0.0038310840000000002,
        0.003874333,
        0.0035683330000000004,
        0.003601125,
        0.0037939590000000004,
        0.0034052920000000003,
        0.0035453750000000003,
        0.003948208,
        0.0038150840000000003,
        0.0037531250000000004,
        0.0035935840000000004,
        0.003463667,
        0.003506583,
        0.004154292,
        0.0031925,
        0.0033242080000000004,
        0.0033007920000000003,
        0.003342083,
        0.0038399170000000004,
        0.003296625,
        0.0036507920000000004,
        0.003691375,
        0.003621083,
        0.0032917500000000004,
        0.00340075,
        0.003276667,
        0.0033715420000000004,
        0.0034962910000000003,
        0.00334525,
        0.0033102080000000002,
        0.0040022090000000005,
        0.00421275,
        0.0039692090000000005,
        0.0039865840000000005,
        0.0037999170000000003,
        0.003585125,
        0.0037063340000000004,
        0.003480167,
        0.003596708,
        0.0033766670000000003,
        0.004345292000000001
      ],
      "exit_codes": [
        0,
        0,
        0,
        0,
        0,
        0,
        0,
        0,
        0,
        0,
        0,
        0,
        0,
        0,
        0,
        0,
        0,
        0,
        0,
        0,
        0,
        0,
        0,
        0,
        0,
        0,
        0,
        0,
        0,
        0,
        0,
        0,
        0,
        0,
        0,
        0,
        0,
        0,
        0,
        0,
        0,
        0,
        0,
        0,
        0,
        0,
        0,
        0,
        0,
        0
      ]
    },
    {
      "command": "cargo miri run --manifest-path ./programs/Cargo.toml --release -p programs --bin hello_world",
      "mean": 0.07816994918,
      "stddev": 0.0016289614932526748,
      "median": 0.077903604,
      "user": 0.043954139999999996,
      "system": 0.02870048,
      "min": 0.07570708400000001,
      "max": 0.085570542,
      "times": [
        0.07730191700000001,
        0.079252292,
        0.07770895800000001,
        0.078842041,
        0.07908975,
        0.077288875,
        0.078646958,
        0.077115375,
        0.078015208,
        0.07713291700000001,
        0.077515833,
        0.076247167,
        0.07938308300000001,
        0.078223333,
        0.077383959,
        0.077020792,
        0.077399334,
        0.07853600000000001,
        0.07714908300000001,
        0.07751783300000001,
        0.075719458,
        0.07976662500000001,
        0.078008833,
        0.07570708400000001,
        0.078553042,
        0.07687904100000001,
        0.07865833300000001,
        0.076582833,
        0.07910975,
        0.079450459,
        0.079786166,
        0.07700037500000001,
        0.076940834,
        0.07859150000000001,
        0.07902358300000001,
        0.07602629200000001,
        0.077677667,
        0.0783665,
        0.08121300000000001,
        0.077798375,
        0.07752325,
        0.076765626,
        0.07734170800000001,
        0.085570542,
        0.08096737500000001,
        0.07935275,
        0.07908354100000001,
        0.078466834,
        0.07914,
        0.07665537500000001
      ],
      "exit_codes": [
        1,
        1,
        1,
        1,
        1,
        1,
        1,
        1,
        1,
        1,
        1,
        1,
        1,
        1,
        1,
        1,
        1,
        1,
        1,
        1,
        1,
        1,
        1,
        1,
        1,
        1,
        1,
        1,
        1,
        1,
        1,
        1,
        1,
        1,
        1,
        1,
        1,
        1,
        1,
        1,
        1,
        1,
        1,
        1,
        1,
        1,
        1,
        1,
        1,
        1
      ]
    },
    {
      "command": "../../target/release/hello_world",
      "mean": 0.00364527246,
      "stddev": 0.0003057561145067315,
      "median": 0.0035633750000000006,
      "user": 0.0013283799999999999,
      "system": 0.0016702,
      "min": 0.003232209,
      "max": 0.004661541,
      "times": [
        0.003422416,
        0.0038350840000000003,
        0.003645291,
        0.0033288750000000002,
        0.003450958,
        0.0037715,
        0.0035540000000000003,
        0.0036312080000000004,
        0.0036459580000000004,
        0.003538541,
        0.003532959,
        0.0036922920000000002,
        0.0035396670000000002,
        0.003552167,
        0.0034829580000000004,
        0.0037515,
        0.0039786660000000005,
        0.003820125,
        0.003948875,
        0.0036590000000000004,
        0.003472625,
        0.003715167,
        0.0034490410000000003,
        0.00346525,
        0.0035852500000000003,
        0.0036658750000000003,
        0.003339167,
        0.0034782080000000004,
        0.0034017080000000002,
        0.0034035000000000003,
        0.003289166,
        0.004608167000000001,
        0.003232209,
        0.00327275,
        0.0032855000000000002,
        0.0033069170000000004,
        0.00328875,
        0.0038633340000000004,
        0.004074208,
        0.0039955,
        0.0040178340000000005,
        0.0038670420000000002,
        0.00394425,
        0.004060333,
        0.0035257080000000002,
        0.003484917,
        0.004661541,
        0.003719833,
        0.0035727500000000004,
        0.0034350830000000002
      ],
      "exit_codes": [
        0,
        0,
        0,
        0,
        0,
        0,
        0,
        0,
        0,
        0,
        0,
        0,
        0,
        0,
        0,
        0,
        0,
        0,
        0,
        0,
        0,
        0,
        0,
        0,
        0,
        0,
        0,
        0,
        0,
        0,
        0,
        0,
        0,
        0,
        0,
        0,
        0,
        0,
        0,
        0,
        0,
        0,
        0,
        0,
        0,
        0,
        0,
        0,
        0,
        0
      ]
    },
    {
      "command": "../../target/release/hello_world",
      "mean": 0.0036244824400000013,
      "stddev": 0.00029931335821756433,
      "median": 0.0035327500000000003,
      "user": 0.0014010400000000003,
      "system": 0.0016316999999999996,
      "min": 0.003240834,
      "max": 0.0047905000000000005,