{
  "results": [
    {
      "command": "../../target/release/hello_stress",
      "mean": 0.00426854912,
      "stddev": 0.0010515652143287507,
      "median": 0.003884083,
      "user": 0.0014676199999999996,
      "system": 0.0020847,
      "min": 0.003376875,
      "max": 0.008367791000000001,
      "times": [
        0.004340500000000001,
        0.0041977080000000005,
        0.0037694160000000003,
        0.004627958000000001,
        0.005499875,
        0.0078005,
        0.006434625,
        0.0038842910000000002,
        0.004682417,
        0.0037530830000000004,
        0.0038507920000000005,
        0.004061375,
        0.003994125,
        0.003985750000000001,
        0.003814459,
        0.004515291,
        0.003376875,
        0.003883875,
        0.0036635,
        0.0039718340000000005,
        0.003581583,
        0.003503042,
        0.003683958,
        0.0044544580000000005,
        0.003677792,
        0.003603708,
        0.004382167,
        0.0037165830000000003,
        0.004125333,
        0.006050084000000001,
        0.008367791000000001,
        0.005806709,
        0.0059673750000000005,
        0.0037265420000000002,
        0.0036697910000000004,
        0.003961583,
        0.0037764580000000003,
        0.00388725,
        0.003597625,
        0.003603292,
        0.0038470830000000003,
        0.0037410000000000004,
        0.003463916,
        0.003760667,
        0.003722042,
        0.003706833,
        0.004049834,
        0.004001917000000001,
        0.004367208,
        0.003515583
      ],
      "exit_codes": [
        0,
        0,
        0,
        0,
        0,
        0,
        0,
        0,
        0,
        0,
        0,
        0,
        0,
        0,
        0,
        0,
        0,
        0,
        0,
        0,
        0,
        0,
        0,
        0,
        0,
        0,
        0,
        0,
        0,
        0,
        0,
        0,
        0,
        0,
        0,
        0,
        0,
        0,
        0,
        0,
        0,
        0,
        0,
        0,
        0,
        0,
        0,
        0,
        0,
        0
      ]
    },
    {
      "command": "cargo miri run --manifest-path ./programs/Cargo.toml --release -p programs --bin hello_stress",
      "mean": 0.07865467998,
      "stddev": 0.0020393956685171685,
      "median": 0.0783603125,
      "user": 0.045605099999999996,
      "system": 0.028388659999999996,
      "min": 0.07540654200000001,
      "max": 0.088425,
      "times": [
        0.079392,
        0.076613875,
        0.078156375,
        0.077340084,
        0.078781417,
        0.07870083300000001,
        0.07687125,
        0.07826933300000001,
        0.078205917,
        0.08061354200000001,
        0.080735583,
        0.078787541,
        0.079571292,
        0.080808083,
        0.07855325,
        0.079966125,
        0.07984558400000001,
        0.0783655,
        0.07816616600000001,
        0.077426875,
        0.077932917,
        0.07734745800000001,
        0.084651166,
        0.07724233300000001,
        0.07835512500000001,
        0.07794466700000001,
        0.078543834,
        0.07837358300000001,
        0.07659529200000001,
        0.07839195900000001,
        0.076600291,
        0.078616959,
        0.075955916,
        0.078606125,
        0.07950583400000001,
        0.078304208,
        0.078701166,
        0.080585416,
        0.077722917,
        0.07851158300000001,
        0.077932792,
        0.078899417,
        0.07761166600000001,
        0.078116958,
        0.07831262500000001,
        0.076712625,
        0.07540654200000001,
        0.079482625,
        0.078174375,
        0.088425
      ],
      "exit_codes": [
        1,
        1,
        1,
        1,
        1,
        1,
        1,
        1,
        1,
        1,
        1,
        1,
        1,
        1,
        1,
        1,
        1,
        1,
        1,
        1,
        1,
        1,
        1,
        1,
        1,
        1,
        1,
        1,
        1,
        1,
        1,
        1,
        1,
        1,
        1,
        1,
        1,
        1,
        1,
        1,
        1,
        1,
        1,
        1,
        1,
        1,
        1,
        1,
        1,
        1
      ]
    },
    {
      "command": "../../target/release/hello_stress",
      "mean": 0.0037230008000000005,
      "stddev": 0.0002682167689267586,
      "median": 0.0037055625,
      "user": 0.0012949199999999998,
      "system": 0.00181178,
      "min": 0.003261042,
      "max": 0.00434275,
      "times": [
        0.0038290000000000004,
        0.003765042,
        0.00397425,
        0.003642708,
        0.003788833,
        0.003616208,
        0.0035835000000000003,
        0.003523042,
        0.003653125,
        0.003649083,
        0.0038039170000000004,
        0.0034595420000000003,
        0.004142958,
        0.0036467920000000003,
        0.003603792,
        0.004067375000000001,
        0.004079917000000001,
        0.003829041,
        0.003734708,
        0.004127083,
        0.003727708,
        0.0034747500000000004,
        0.0034989580000000004,
        0.003909791,
        0.003261042,
        0.0032855000000000002,
        0.0037412500000000002,
        0.0035783750000000004,
        0.003296208,
        0.0038435,
        0.0036121250000000003,
        0.0037025,
        0.003851667,
        0.0035375410000000004,
        0.0040906250000000005,
        0.00434275,
        0.0042115830000000005,
        0.004156583,
        0.0037325,
        0.003727292,
        0.004260375,
        0.003432875,
        0.0033888750000000004,
        0.003627542,
        0.003708625,
        0.003278,
        0.0035249590000000003,
        0.003884792,
        0.0034572500000000003,
        0.0034845830000000003
      ],
      "exit_codes": [
        0,
        0,
        0,
        0,
        0,
        0,
        0,
        0,
        0,
        0,
        0,
        0,
        0,
        0,
        0,
        0,
        0,
        0,
        0,
        0,
        0,
        0,
        0,
        0,
        0,
        0,
        0,
        0,
        0,
        0,
        0,
        0,
        0,
        0,
        0,
        0,
        0,
        0,
        0,
        0,
        0,
        0,
        0,
        0,
        0,
        0,
        0,
        0,
        0,
        0
      ]
    },
    {
      "command": "../../target/release/hello_stress",
      "mean": 0.003711006620000002,
      "stddev": 0.0003576306427289046,
      "median": 0.0036168335,
      "user": 0.0014238,
      "system": 0.00175254,
      "min": 0.0032871660000000002,
      "max": 0.00548325,
      "times": [
        0.003585167,
        0.0035826250000000003,
        0.0033788750000000004,
        0.003694417,
        0.0038999160000000002,
        0.00405725,
        0.003913583,
        0.003888625,
        0.003614042,
        0.003761458,
        0.0035467080000000004,
        0.004238417,
        0.003565542,
        0.0037543750000000003,
        0.003621417,
        0.003395,
        0.003606667,
        0.0038598330000000004,
        0.00439925,
        0.004189709000000001,
        0.0038419580000000004,
        0.00366875,
        0.00370075,
        0.0034486670000000003,
        0.003566792,
        0.003783625,
        0.0039005420000000003,
        0.00548325,
        0.003686917,
        0.0041902910000000005,
        0.003619625,
        0.00337825,
        0.003441167,
        0.003719791,
        0.0036023340000000004,
        0.0032871660000000002,
        0.0033821660000000003,
        0.003396875,
        0.0035107500000000004,
        0.0037504160000000003,
        0.003502958,
        0.003526875,
        0.004029417,
        0.003526125,
        0.0033580830000000004,
        0.0037520410000000002,
        0.003450958,
        0.0035419580000000004,
        0.0035524170000000004,
        0.0033965410000000003
      ],