{
  "results": [
    {
      "command": "../../target/release/nothing",
      "mean": 0.0035960592200000004,
      "stddev": 0.0003007796646167267,
      "median": 0.0035492705,
      "user": 0.00133306,
      "system": 0.0017059800000000002,
      "min": 0.00321,
      "max": 0.004653916,
      "times": [
        0.003408458,
        0.00321,
        0.004010917,
        0.0032426670000000003,
        0.004653916,
        0.003640959,
        0.003429708,
        0.003691208,
        0.003783709,
        0.003878958,
        0.003628875,
        0.0034317080000000003,
        0.0035236250000000003,
        0.0038484580000000003,
        0.003549041,
        0.003725917,
        0.00355675,
        0.003469209,
        0.003452666,
        0.0033113340000000004,
        0.0033273340000000004,
        0.003643208,
        0.003558125,
        0.003392417,
        0.003713917,
        0.0033029170000000003,
        0.003308708,
        0.003389291,
        0.003266375,
        0.0032755830000000003,
        0.0033428330000000003,
        0.0037298340000000004,
        0.0033381670000000004,
        0.003238667,
        0.0036293750000000002,
        0.0037635420000000004,
        0.004072667,
        0.004123459,
        0.004172333,
        0.00419875,
        0.00327275,
        0.003435959,
        0.0033862500000000004,
        0.0034832910000000003,
        0.0035495,
        0.003677291,
        0.0036867920000000004,
        0.0037649590000000004,
        0.003923542,
        0.0033870420000000003
      ],
      "exit_codes": [
        0,
        0,
        0,
        0,
        0,
        0,
        0,
        0,
        0,
        0,
        0,
        0,
        0,
        0,
        0,
        0,
        0,
        0,
        0,
        0,
        0,
        0,
        0,
        0,
        0,
        0,
        0,
        0,
        0,
        0,
        0,
        0,
        0,
        0,
        0,
        0,
        0,
        0,
        0,
        0,
        0,
        0,
        0,
        0,
        0,
        0,
        0,
        0,
        0,
        0
      ]
    },
    {
      "command": "cargo miri run --manifest-path ./programs/Cargo.toml --release -p programs --bin nothing",
      "mean": 0.07718366087999999,
      "stddev": 0.0015884658944824417,
      "median": 0.0771369165,
      "user": 0.044756479999999994,
      "system": 0.02710192,
      "min": 0.07408579200000001,
      "max": 0.08342075,
      "times": [
        0.07408579200000001,
        0.07642470800000001,
        0.07708237500000001,
        0.076440625,
        0.07790316600000001,
        0.07946412500000001,
        0.077138417,
        0.076562,
        0.07884275,
        0.077445292,
        0.07725383300000001,
        0.07631425,
        0.07589304200000001,
        0.07729275000000001,
        0.07589941700000001,
        0.0750295,
        0.075483542,
        0.07779533300000001,
        0.07496812500000001,
        0.07780516600000001,
        0.076496958,
        0.077886667,
        0.077072625,
        0.07600725,
        0.077354459,
        0.075435209,
        0.077741875,
        0.07497695900000001,
        0.07784325,
        0.07882575,
        0.07856212500000001,
        0.077135416,
        0.08342075,
        0.07926783300000001,
        0.077325,
        0.078169125,
        0.076865125,
        0.07601537500000001,
        0.076326,
        0.079052042,
        0.075827,
        0.078983208,
        0.076887458,
        0.078348917,
        0.074621167,
        0.077529542,
        0.07951725000000001,
        0.076037667,
        0.07800941700000001,
        0.076517417
      ],
      "exit_codes": [
        1,
        1,
        1,
        1,
        1,
        1,
        1,
        1,
        1,
        1,
        1,
        1,
        1,
        1,
        1,
        1,
        1,
        1,
        1,
        1,
        1,
        1,
        1,
        1,
        1,
        1,
        1,
        1,
        1,
        1,
        1,
        1,
        1,
        1,
        1,
        1,
        1,
        1,
        1,
        1,
        1,
        1,
        1,
        1,
        1,
        1,
        1,
        1,
        1,
        1
      ]
    },
    {
      "command": "../../target/release/nothing",
      "mean": 0.0035727041200000007,
      "stddev": 0.000336794030235985,
      "median": 0.0034467710000000004,
      "user": 0.0014877199999999999,
      "system": 0.0015443800000000001,
      "min": 0.003202166,
      "max": 0.0045737500000000006,
      "times": [
        0.0034360000000000003,
        0.003383666,
        0.0034395000000000003,
        0.00326375,
        0.003914959,
        0.0034470420000000004,
        0.003313541,
        0.0033835830000000003,
        0.004097125,
        0.004422625,
        0.003700666,
        0.0037517080000000003,
        0.0037612920000000003,
        0.003288375,
        0.003675708,
        0.003257584,
        0.0033211660000000004,
        0.0036200420000000004,
        0.0036893330000000004,
        0.003938167,
        0.003650958,
        0.003500875,
        0.00336,
        0.0033557500000000002,
        0.0034587090000000003,
        0.003298792,
        0.003202166,
        0.0033359170000000003,
        0.0033115830000000003,
        0.003298875,
        0.003634042,
        0.0034865,
        0.0033120830000000004,
        0.0032960000000000003,
        0.003320875,
        0.0038275,
        0.0033107920000000003,
        0.0033376250000000003,
        0.003442875,
        0.003341417,
        0.0036242500000000003,
        0.003648333,
        0.004387291000000001,
        0.004484,
        0.0045737500000000006,
        0.003844917,
        0.003634791,
        0.003345583,
        0.003456625,
        0.0034465000000000003
      ],
      "exit_codes": [
        0,
        0,
        0,
        0,
        0,
        0,
        0,
        0,
        0,
        0,
        0,
        0,
        0,
        0,
        0,
        0,
        0,
        0,
        0,
        0,
        0,
        0,
        0,
        0,
        0,
        0,
        0,
        0,
        0,
        0,
        0,
        0,
        0,
        0,
        0,
        0,
        0,
        0,
        0,
        0,
        0,
        0,
        0,
        0,
        0,
        0,
        0,
        0,
        0,
        0
      ]
    },
    {
      "command": "../../target/release/nothing",
      "mean": 0.0035245058,
      "stddev": 0.0002612831399081175,
      "median": 0.0034366875000000005,
      "user": 0.0013042799999999992,
      "system": 0.00169574,
      "min": 0.003188541,
      "max": 0.0041851250000000005,