{
  "results": [
    {
      "command": "../../target/release/vector",
      "mean": 0.00381912588,
      "stddev": 0.0002805512673866775,
      "median": 0.0037184165,
      "user": 0.0015429199999999995,
      "system": 0.0017490400000000003,
      "min": 0.003386458,
      "max": 0.0044465,
      "times": [
        0.004044834000000001,
        0.003677458,
        0.0036719580000000003,
        0.0036507500000000003,
        0.0043547080000000005,
        0.00444475,
        0.00422875,
        0.0039496670000000005,
        0.003676542,
        0.003703333,
        0.0038788330000000004,
        0.004118042000000001,
        0.0044465,
        0.0040555,
        0.004008708000000001,
        0.0037391670000000003,
        0.003883375,
        0.003730792,
        0.0037777920000000003,
        0.0037000410000000003,
        0.003663084,
        0.0036147500000000003,
        0.003556834,
        0.003670375,
        0.003933083,
        0.003617625,
        0.00410675,
        0.003706041,
        0.003486125,
        0.0037344170000000003,
        0.004037333000000001,
        0.004051750000000001,
        0.0042225000000000006,
        0.0041118330000000005,
        0.0038302920000000003,
        0.004344792,
        0.003682209,
        0.004147625,
        0.003494458,
        0.003386458,
        0.003460583,
        0.0036764170000000004,
        0.003486208,
        0.0036130420000000003,
        0.0035601250000000004,
        0.003425917,
        0.003545584,
        0.003520417,
        0.003587625,
        0.003940542
      ],
      "exit_codes": [
        0,
        0,
        0,
        0,
        0,
        0,
        0,
        0,
        0,
        0,
        0,
        0,
        0,
        0,
        0,
        0,
        0,
        0,
        0,
        0,
        0,
        0,
        0,
        0,
        0,
        0,
        0,
        0,
        0,
        0,
        0,
        0,
        0,
        0,
        0,
        0,
        0,
        0,
        0,
        0,
        0,
        0,
        0,
        0,
        0,
        0,
        0,
        0,
        0,
        0
      ]
    },
    {
      "command": "cargo miri run --manifest-path ./programs/Cargo.toml --release -p programs --bin vector",
      "mean": 0.07946721248000001,
      "stddev": 0.001902613838262674,
      "median": 0.079311729,
      "user": 0.04564581999999999,
      "system": 0.028426279999999995,
      "min": 0.076185583,
      "max": 0.085674583,
      "times": [
        0.07682641600000001,
        0.080476167,
        0.078291125,
        0.082554375,
        0.08167854100000001,
        0.07892091700000001,
        0.079280083,
        0.079861375,
        0.077145458,
        0.07934337500000001,
        0.0798775,
        0.08292587500000001,
        0.08132162500000001,
        0.077967375,
        0.081960583,
        0.078593334,
        0.08010212500000001,
        0.079263,
        0.07852379100000001,
        0.079866167,
        0.07873070800000001,
        0.085674583,
        0.07843525,
        0.07947254200000001,
        0.079211417,
        0.07990683300000001,
        0.08036670800000001,
        0.077920958,
        0.07755875100000001,
        0.0829325,
        0.08127466700000001,
        0.07713875,
        0.080386625,
        0.079426833,
        0.078373542,
        0.080595292,
        0.077980875,
        0.077875791,
        0.080018583,
        0.076830958,
        0.0779715,
        0.0802505,
        0.077986125,
        0.076185583,
        0.07627325,
        0.082104959,
        0.08065812500000001,
        0.07765475000000001,
        0.07926316700000001,
        0.08012129200000001
      ],
      "exit_codes": [
        1,
        1,
        1,
        1,
        1,
        1,
        1,
        1,
        1,
        1,
        1,
        1,
        1,
        1,
        1,
        1,
        1,
        1,
        1,
        1,
        1,
        1,
        1,
        1,
        1,
        1,
        1,
        1,
        1,
        1,
        1,
        1,
        1,
        1,
        1,
        1,
        1,
        1,
        1,
        1,
        1,
        1,
        1,
        1,
        1,
        1,
        1,
        1,
        1,
        1
      ]
    },
    {
      "command": "../../target/release/vector",
      "mean": 0.0038276725600000015,
      "stddev": 0.0002723137411616151,
      "median": 0.003770542,
      "user": 0.0014816200000000001,
      "system": 0.0018194800000000003,
      "min": 0.0034503750000000003,
      "max": 0.00468175,
      "times": [
        0.0039075,
        0.003773667,
        0.0038684170000000003,
        0.004430417,
        0.003525583,
        0.0035915,
        0.0038142500000000004,
        0.0037065830000000003,
        0.0036650000000000003,
        0.0036880000000000003,
        0.003930084,
        0.004076542,
        0.0038235,
        0.0036807500000000004,
        0.003642208,
        0.004138166,
        0.004028416,
        0.004044333000000001,
        0.0040845000000000005,
        0.0037674170000000003,
        0.003751625,
        0.003686584,
        0.0038085000000000003,
        0.003776583,
        0.0037604590000000003,
        0.0034993750000000003,
        0.003499583,
        0.00468175,
        0.003720459,
        0.003961958000000001,
        0.0034503750000000003,
        0.0034908340000000004,
        0.004237916,
        0.004422334,
        0.004103834000000001,
        0.00405825,
        0.0041215,
        0.0040965,
        0.0039643330000000004,
        0.0037404170000000002,
        0.003937667000000001,
        0.003787916,
        0.0034988330000000002,
        0.003568542,
        0.003749417,
        0.0036439590000000004,
        0.0036530000000000004,
        0.003557334,
        0.0034633330000000003,
        0.0035036250000000002
      ],
      "exit_codes": [
        0,
        0,
        0,
        0,
        0,
        0,
        0,
        0,
        0,
        0,
        0,
        0,
        0,
        0,
        0,
        0,
        0,
        0,
        0,
        0,
        0,
        0,
        0,
        0,
        0,
        0,
        0,
        0,
        0,
        0,
        0,
        0,
        0,
        0,
        0,
        0,
        0,
        0,
        0,
        0,
        0,
        0,
        0,
        0,
        0,
        0,
        0,
        0,
        0,
        0
      ]
    },
    {
      "command": "../../target/release/vector",
      "mean": 0.0038089557600000006,
      "stddev": 0.0002675987902950419,
      "median": 0.0037359995,
      "user": 0.0016523999999999992,
      "system": 0.0016114599999999999,
      "min": 0.003475792,
      "max": 0.004564792000000001,