{
  "results": [
    {
      "command": "../../target/release/hello_stress",
      "mean": 0.0038971683600000006,
      "stddev": 0.00025621776347647745,
      "median": 0.0038603125,
      "user": 0.0014048399999999996,
      "system": 0.0018102799999999996,
      "min": 0.0033754170000000003,
      "max": 0.004826167,
      "times": [
        0.004089375,
        0.004190625,
        0.004087959,
        0.0038870830000000004,
        0.0038368330000000004,
        0.003921791,
        0.0037288340000000003,
        0.003592375,
        0.0036173340000000003,
        0.0036925,
        0.0038051250000000003,
        0.003800458,
        0.003786666,
        0.003623083,
        0.0037053750000000003,
        0.004026125,
        0.004826167,
        0.0044449170000000005,
        0.004306375,
        0.003777125,
        0.00391425,
        0.003920667,
        0.003792666,
        0.004250083,
        0.003775917,
        0.003911292,
        0.004153250000000001,
        0.004246125,
        0.0038618750000000003,
        0.0037383340000000003,
        0.00385875,
        0.003885167,
        0.00384575,
        0.003875209,
        0.0038853750000000004,
        0.003999,
        0.0039861670000000005,
        0.004255625,
        0.00396825,
        0.0037167500000000004,
        0.0041738750000000005,
        0.00396425,
        0.0038254580000000003,
        0.0036962500000000003,
        0.0033754170000000003,
        0.0034810410000000003,
        0.0037639580000000004,
        0.00368475,
        0.003653125,
        0.003653667
      ],
      "exit_codes": [
        0,
        0,
        0,
        0,
        0,
        0,
        0,
        0,
        0,
        0,
        0,
        0,
        0,
        0,
        0,
        0,
        0,
        0,
        0,
        0,
        0,
        0,
        0,
        0,
        0,
        0,
        0,
        0,
        0,
        0,
        0,
        0,
        0,
        0,
        0,
        0,
        0,
        0,
        0,
        0,
        0,
        0,
        0,
        0,
        0,
        0,
        0,
        0,
        0,
        0
      ]
    },
    {
      "command": "cargo miri run --manifest-path ./programs/Cargo.toml --release -p programs --bin hello_stress",
      "mean": 0.07891728588000001,
      "stddev": 0.0016423770147660447,
      "median": 0.0787461455,
      "user": 0.045022040000000006,
      "system": 0.02862337999999999,
      "min": 0.076204042,
      "max": 0.083515291,
      "times": [
        0.080314542,
        0.079628209,
        0.077453083,
        0.07893750000000001,
        0.077161042,
        0.078680333,
        0.078937542,
        0.078635834,
        0.076762125,
        0.077574791,
        0.07841141600000001,
        0.07748575,
        0.07925670800000001,
        0.08044337500000001,
        0.078732916,
        0.079375417,
        0.078759375,
        0.077715583,
        0.08084466700000001,
        0.078562333,
        0.079159376,
        0.079721917,
        0.078337792,
        0.07976662500000001,
        0.079099,
        0.080752875,
        0.07888937500000001,
        0.07791816600000001,
        0.082237792,
        0.076204042,
        0.077670875,
        0.076964958,
        0.07800920800000001,
        0.08161045800000001,
        0.077166709,
        0.07982837500000001,
        0.083515291,
        0.077672167,
        0.080300167,
        0.07697466700000001,
        0.080273708,
        0.076766875,
        0.08341337500000001,
        0.07878204100000001,
        0.078178542,
        0.079447667,
        0.07709479200000001,
        0.080824875,
        0.07737270900000001,
        0.078237334
      ],
      "exit_codes": [
        1,
        1,
        1,
        1,
        1,
        1,
        1,
        1,
        1,
        1,
        1,
        1,
        1,
        1,
        1,
        1,
        1,
        1,
        1,
        1,
        1,
        1,
        1,
        1,
        1,
        1,
        1,
        1,
        1,
        1,
        1,
        1,
        1,
        1,
        1,
        1,
        1,
        1,
        1,
        1,
        1,
        1,
        1,
        1,
        1,
        1,
        1,
        1,
        1,
        1
      ]
    },
    {
      "command": "../../target/release/hello_stress",
      "mean": 0.003905762579999999,
      "stddev": 0.0008009167367782973,
      "median": 0.003694958,
      "user": 0.0013563,
      "system": 0.00188208,
      "min": 0.00326075,
      "max": 0.007473125000000001,
      "times": [
        0.007473125000000001,
        0.006869208000000001,
        0.005910792000000001,
        0.0037885,
        0.0039219170000000005,
        0.003980417,
        0.0049253330000000005,
        0.003628375,
        0.003856833,
        0.003757625,
        0.003306292,
        0.003439417,
        0.00391875,
        0.00412825,
        0.004168458,
        0.004242125,
        0.0037028750000000004,
        0.00399025,
        0.003653667,
        0.003384792,
        0.0034377500000000003,
        0.0035735000000000003,
        0.003437541,
        0.0034582500000000004,
        0.003297583,
        0.0034795000000000004,
        0.003984708,
        0.0041947500000000006,
        0.004070542,
        0.00375325,
        0.0036295840000000004,
        0.0035656250000000002,
        0.00354,
        0.0035509580000000003,
        0.0036499170000000004,
        0.003879167,
        0.0037158750000000004,
        0.0035442090000000004,
        0.003550042,
        0.0034048750000000003,
        0.0038345840000000003,
        0.003588917,
        0.00326075,
        0.0033879170000000003,
        0.0036087500000000004,
        0.003658792,
        0.003701583,
        0.0037952090000000003,
        0.003998667,
        0.0036883330000000002
      ],
      "exit_codes": [
        0,
        0,
        0,
        0,
        0,
        0,
        0,
        0,
        0,
        0,
        0,
        0,
        0,
        0,
        0,
        0,
        0,
        0,
        0,
        0,
        0,
        0,
        0,
        0,
        0,
        0,
        0,
        0,
        0,
        0,
        0,
        0,
        0,
        0,
        0,
        0,
        0,
        0,
        0,
        0,
        0,
        0,
        0,
        0,
        0,
        0,
        0,
        0,
        0,
        0
      ]
    },
    {
      "command": "../../target/release/hello_stress",
      "mean": 0.0035909891800000003,
      "stddev": 0.0002416436545553914,
      "median": 0.0035545415,
      "user": 0.00134038,
      "system": 0.0016615199999999994,
      "min": 0.0031737500000000004,
      "max": 0.004429709,