{
  "results": [
    {
      "command": "../../target/release/hello_world",
      "mean": 0.0038012041399999997,
      "stddev": 0.0010849744781391058,
      "median": 0.0035001045,
      "user": 0.0014390799999999997,
      "system": 0.0017297000000000005,
      "min": 0.003223959,
      "max": 0.009274416,
      "times": [
        0.0036905830000000003,
        0.003408042,
        0.0034607910000000004,
        0.009274416,
        0.008251083000000001,
        0.0035267500000000004,
        0.003327083,
        0.0034729170000000003,
        0.0033588330000000003,
        0.00352725,
        0.0035011670000000003,
        0.003722875,
        0.0038602920000000004,
        0.004082708,
        0.003944042,
        0.003587125,
        0.003445,
        0.0035085420000000003,
        0.0034268330000000002,
        0.0035152910000000002,
        0.003838792,
        0.003450958,
        0.0034407500000000002,
        0.003500042,
        0.0034109160000000004,
        0.0032631670000000004,
        0.003223959,
        0.003366584,
        0.0034261670000000004,
        0.0033688340000000002,
        0.003365667,
        0.0032440000000000004,
        0.003339458,
        0.0034320410000000003,
        0.0033159170000000003,
        0.003415333,
        0.004043042,
        0.004015375,
        0.005338667,
        0.004345833,
        0.00393325,
        0.003408125,
        0.0036806660000000004,
        0.0035851660000000003,
        0.0035691250000000002,
        0.003796166,
        0.003651375,
        0.0034642920000000003,
        0.0034347500000000003,
        0.003500167
      ],
      "exit_codes": [
        0,
        0,
        0,
        0,
        0,
        0,
        0,
        0,
        0,
        0,
        0,
        0,
        0,
        0,
        0,
        0,
        0,
        0,
        0,
        0,
        0,
        0,
        0,
        0,
        0,
        0,
        0,
        0,
        0,
        0,
        0,
        0,
        0,
        0,
        0,
        0,
        0,
        0,
        0,
        0,
        0,
        0,
        0,
        0,
        0,
        0,
        0,
        0,
        0,
        0
      ]
    },
    {
      "command": "cargo miri run --manifest-path ./programs/Cargo.toml --release -p programs --bin hello_world",
      "mean": 0.07843618012,
      "stddev": 0.002047614301196949,
      "median": 0.077998917,
      "user": 0.04496956,
      "system": 0.028866639999999995,
      "min": 0.07574979200000001,
      "max": 0.08817454200000001,
      "times": [
        0.07638204200000001,
        0.07612179200000001,
        0.076406334,
        0.07695175,
        0.07574979200000001,
        0.07602700000000001,
        0.079304209,
        0.07662429200000001,
        0.079010459,
        0.077098541,
        0.076884041,
        0.08286,
        0.077480334,
        0.078792,
        0.075791333,
        0.076841375,
        0.07780300000000001,
        0.079031375,
        0.07747037500000001,
        0.080441042,
        0.078068917,
        0.079782792,
        0.07967575,
        0.07783825000000001,
        0.079167584,
        0.07820475,
        0.077787959,
        0.078909375,
        0.077287459,
        0.07957900000000001,
        0.08000275000000001,
        0.07759041600000001,
        0.08002025,
        0.0772515,
        0.07762575000000001,
        0.077928917,
        0.07993975,
        0.077597208,
        0.078453625,
        0.07724291700000001,
        0.078310709,
        0.08817454200000001,
        0.07837754100000001,
        0.07733825000000001,
        0.08110925100000001,
        0.07787925000000001,
        0.07901675000000001,
        0.078867458,
        0.078448667,
        0.08126058300000001
      ],
      "exit_codes": [
        1,
        1,
        1,
        1,
        1,
        1,
        1,
        1,
        1,
        1,
        1,
        1,
        1,
        1,
        1,
        1,
        1,
        1,
        1,
        1,
        1,
        1,
        1,
        1,
        1,
        1,
        1,
        1,
        1,
        1,
        1,
        1,
        1,
        1,
        1,
        1,
        1,
        1,
        1,
        1,
        1,
        1,
        1,
        1,
        1,
        1,
        1,
        1,
        1,
        1
      ]
    },
    {
      "command": "../../target/release/hello_world",
      "mean": 0.003596272480000001,
      "stddev": 0.0002825995383396896,
      "median": 0.0035086460000000002,
      "user": 0.0014760799999999996,
      "system": 0.0015279999999999998,
      "min": 0.0033137500000000003,
      "max": 0.004577459,
      "times": [
        0.003554583,
        0.0035122910000000003,
        0.0035362080000000003,
        0.0033726660000000003,
        0.0034425830000000004,
        0.0036763750000000004,
        0.00372075,
        0.004115291,
        0.003988709,
        0.0036736250000000002,
        0.003506667,
        0.004577459,
        0.0033497920000000003,
        0.003364292,
        0.0036450410000000003,
        0.003559875,
        0.0033988340000000003,
        0.0033523750000000003,
        0.003386459,
        0.0034230000000000003,
        0.0033585000000000004,
        0.0033137500000000003,
        0.0034574170000000004,
        0.0033376670000000003,
        0.003539041,
        0.003818333,
        0.00333575,
        0.003394208,
        0.0035106250000000003,
        0.00376375,
        0.004389583,
        0.004082166,
        0.004123917,
        0.00404875,
        0.003803667,
        0.003473208,
        0.0034145,
        0.0034300000000000003,
        0.003359167,
        0.0034651670000000003,
        0.003466583,
        0.003571167,
        0.0035145000000000003,
        0.003589791,
        0.0034222080000000004,
        0.003421125,
        0.0034472500000000002,
        0.00377025,
        0.003563834,
        0.003470875
      ],
      "exit_codes": [
        0,
        0,
        0,
        0,
        0,
        0,
        0,
        0,
        0,
        0,
        0,
        0,
        0,
        0,
        0,
        0,
        0,
        0,
        0,
        0,
        0,
        0,
        0,
        0,
        0,
        0,
        0,
        0,
        0,
        0,
        0,
        0,
        0,
        0,
        0,
        0,
        0,
        0,
        0,
        0,
        0,
        0,
        0,
        0,
        0,
        0,
        0,
        0,
        0,
        0
      ]
    },
    {
      "command": "../../target/release/hello_world",
      "mean": 0.00364338,
      "stddev": 0.0002852574693389701,
      "median": 0.0035863120000000004,
      "user": 0.0011973600000000002,
      "system": 0.0018113,
      "min": 0.0032095830000000002,
      "max": 0.004736708,