{
  "results": [
    {
      "command": "../../target/release/nothing",
      "mean": 0.00344990086,
      "stddev": 0.0002907763524419925,
      "median": 0.003387625,
      "user": 0.0012637800000000002,
      "system": 0.0016264799999999994,
      "min": 0.003150875,
      "max": 0.004538792000000001,
      "times": [
        0.004420417,
        0.004228833,
        0.0038215420000000003,
        0.0034647090000000003,
        0.003496625,
        0.003448417,
        0.003353084,
        0.0036065000000000003,
        0.0032795840000000003,
        0.003402083,
        0.003456583,
        0.003732125,
        0.003371834,
        0.0032308750000000002,
        0.003313041,
        0.0032985410000000003,
        0.003521792,
        0.003169541,
        0.0033342500000000004,
        0.003393042,
        0.0033133750000000003,
        0.003607625,
        0.004538792000000001,
        0.0038657500000000003,
        0.0034643330000000004,
        0.0034203750000000002,
        0.00343375,
        0.003599375,
        0.0036095000000000003,
        0.003334459,
        0.003306958,
        0.0034043750000000003,
        0.0033677090000000004,
        0.0034286250000000002,
        0.0033865830000000003,
        0.003363458,
        0.0031512500000000004,
        0.0033905000000000003,
        0.003414541,
        0.0032222500000000003,
        0.003184875,
        0.003150875,
        0.003193834,
        0.003212583,
        0.00315475,
        0.00322775,
        0.0033365,
        0.0033714160000000003,
        0.0033067920000000002,
        0.003388667
      ],
      "exit_codes": [
        0,
        0,
        0,
        0,
        0,
        0,
        0,
        0,
        0,
        0,
        0,
        0,
        0,
        0,
        0,
        0,
        0,
        0,
        0,
        0,
        0,
        0,
        0,
        0,
        0,
        0,
        0,
        0,
        0,
        0,
        0,
        0,
        0,
        0,
        0,
        0,
        0,
        0,
        0,
        0,
        0,
        0,
        0,
        0,
        0,
        0,
        0,
        0,
        0,
        0
      ]
    },
    {
      "command": "cargo miri run --manifest-path ./programs/Cargo.toml --release -p programs --bin nothing",
      "mean": 0.07786238828,
      "stddev": 0.001818990572050166,
      "median": 0.077980584,
      "user": 0.04432262,
      "system": 0.02844318,
      "min": 0.07435125000000001,
      "max": 0.0868845,
      "times": [
        0.07910212500000001,
        0.0752695,
        0.079426458,
        0.07646295900000001,
        0.07634587500000001,
        0.07748845800000001,
        0.077765208,
        0.079142458,
        0.078745375,
        0.075634291,
        0.07841358400000001,
        0.07869425000000001,
        0.07849183300000001,
        0.078610625,
        0.07696183300000001,
        0.07695441700000001,
        0.075672875,
        0.076944541,
        0.079263583,
        0.07725691600000001,
        0.07901545900000001,
        0.078119458,
        0.07435125000000001,
        0.079121625,
        0.077987501,
        0.077927958,
        0.07936950000000001,
        0.076472208,
        0.07819437500000001,
        0.076068625,
        0.07876504100000001,
        0.076159208,
        0.079158791,
        0.0868845,
        0.07714958400000001,
        0.078788542,
        0.0791535,
        0.07854733300000001,
        0.07797366700000001,
        0.076537375,
        0.077494583,
        0.076833709,
        0.07854187500000001,
        0.078398875,
        0.076253375,
        0.076243458,
        0.076095167,
        0.077081417,
        0.078622958,
        0.079161333
      ],
      "exit_codes": [
        1,
        1,
        1,
        1,
        1,
        1,
        1,
        1,
        1,
        1,
        1,
        1,
        1,
        1,
        1,
        1,
        1,
        1,
        1,
        1,
        1,
        1,
        1,
        1,
        1,
        1,
        1,
        1,
        1,
        1,
        1,
        1,
        1,
        1,
        1,
        1,
        1,
        1,
        1,
        1,
        1,
        1,
        1,
        1,
        1,
        1,
        1,
        1,
        1,
        1
      ]
    },
    {
      "command": "../../target/release/nothing",
      "mean": 0.0040562633000000015,
      "stddev": 0.0010488014357279212,
      "median": 0.0035918955,
      "user": 0.0014695999999999995,
      "system": 0.0018282600000000002,
      "min": 0.003084625,
      "max": 0.007833875,
      "times": [
        0.0035705410000000004,
        0.0035422500000000003,
        0.0035132920000000003,
        0.0032985830000000003,
        0.0033250830000000004,
        0.0032271250000000004,
        0.003084625,
        0.003382917,
        0.003365916,
        0.0033215000000000002,
        0.0036475830000000002,
        0.003940834,
        0.003401958,
        0.0035531670000000003,
        0.003302375,
        0.0033332500000000003,
        0.0036351250000000003,
        0.0037847500000000004,
        0.00375725,
        0.0036632080000000003,
        0.0033770000000000002,
        0.003310167,
        0.003285833,
        0.003366333,
        0.0034339160000000004,
        0.0033635830000000003,
        0.003467542,
        0.004413917000000001,
        0.003225,
        0.005608500000000001,
        0.0061530000000000005,
        0.007833875,
        0.004890584,
        0.0062860830000000005,
        0.005128209,
        0.004623833,
        0.004719916,
        0.006088625,
        0.005502583,
        0.004771292,
        0.005673875,
        0.005625917,
        0.004102084000000001,
        0.003618791,
        0.00361325,
        0.0032882080000000004,
        0.003713791,
        0.003524417,
        0.003662167,
        0.0034895420000000004
      ],
      "exit_codes": [
        0,
        0,
        0,
        0,
        0,
        0,
        0,
        0,
        0,
        0,
        0,
        0,
        0,
        0,
        0,
        0,
        0,
        0,
        0,
        0,
        0,
        0,
        0,
        0,
        0,
        0,
        0,
        0,
        0,
        0,
        0,
        0,
        0,
        0,
        0,
        0,
        0,
        0,
        0,
        0,
        0,
        0,
        0,
        0,
        0,
        0,
        0,
        0,
        0,
        0
      ]
    },
    {
      "command": "../../target/release/nothing",
      "mean": 0.00364893756,
      "stddev": 0.00048645821293857747,
      "median": 0.0034841250000000002,
      "user": 0.00152966,
      "system": 0.0014664199999999997,
      "min": 0.0031931660000000003,
      "max": 0.005950625,