{
  "results": [
    {
      "command": "../../target/release/vector",
      "mean": 0.003938531699999999,
      "stddev": 0.0004992601767860305,
      "median": 0.0038084795,
      "user": 0.0016247399999999997,
      "system": 0.0016914399999999987,
      "min": 0.003556458,
      "max": 0.0066803750000000005,
      "times": [
        0.0036450830000000004,
        0.0036469590000000004,
        0.005075416,
        0.0066803750000000005,
        0.004071166,
        0.003833584,
        0.004091625000000001,
        0.0038034170000000003,
        0.0037681660000000003,
        0.0037328340000000004,
        0.003720792,
        0.003746792,
        0.0038017500000000004,
        0.0037581660000000003,
        0.004031125,
        0.003875625,
        0.003653625,
        0.003909333,
        0.004200708,
        0.004174875000000001,
        0.003925209,
        0.0038030000000000004,
        0.003761875,
        0.0035883340000000003,
        0.003856167,
        0.0038063750000000003,
        0.003644084,
        0.0036373750000000004,
        0.003556458,
        0.003683375,
        0.0036455830000000004,
        0.004461083,
        0.005007917000000001,
        0.003591,
        0.003812208,
        0.004063000000000001,
        0.003818417,
        0.004041625,
        0.004146708000000001,
        0.0041010000000000005,
        0.003810584,
        0.0036901660000000004,
        0.0038337500000000004,
        0.0036273750000000004,
        0.003721167,
        0.003855167,
        0.003922334,
        0.0035652080000000003,
        0.00393825,
        0.0037903750000000003
      ],
      "exit_codes": [
        0,
        0,
        0,
        0,
        0,
        0,
        0,
        0,
        0,
        0,
        0,
        0,
        0,
        0,
        0,
        0,
        0,
        0,
        0,
        0,
        0,
        0,
        0,
        0,
        0,
        0,
        0,
        0,
        0,
        0,
        0,
        0,
        0,
        0,
        0,
        0,
        0,
        0,
        0,
        0,
        0,
        0,
        0,
        0,
        0,
        0,
        0,
        0,
        0,
        0
      ]
    },
    {
      "command": "cargo miri run --manifest-path ./programs/Cargo.toml --release -p programs --bin vector",
      "mean": 0.08123106990000002,
      "stddev": 0.0016395101078666109,
      "median": 0.0811877915,
      "user": 0.04643938000000001,
      "system": 0.02989088,
      "min": 0.07724420800000001,
      "max": 0.08515012500000001,
      "times": [
        0.083786209,
        0.079758666,
        0.08112316700000001,
        0.07999875000000001,
        0.080171791,
        0.08187691600000001,
        0.08049275,
        0.08099737500000001,
        0.079706791,
        0.08400520800000001,
        0.082137125,
        0.08136404200000001,
        0.081845875,
        0.07858058300000001,
        0.08210329100000001,
        0.08232175,
        0.07724420800000001,
        0.081198541,
        0.08074370800000001,
        0.079983834,
        0.07959883300000001,
        0.083464708,
        0.08454391600000001,
        0.08515012500000001,
        0.079556292,
        0.080831542,
        0.08150375,
        0.079775,
        0.08269404100000001,
        0.07957800000000001,
        0.08238120800000001,
        0.08154770800000001,
        0.078426041,
        0.081806208,
        0.080826166,
        0.08148554200000001,
        0.082948541,
        0.07986037500000001,
        0.081177042,
        0.07940870900000001,
        0.08084387500000001,
        0.082274334,
        0.08058970800000001,
        0.081217959,
        0.0801965,
        0.08235141600000001,
        0.08298991700000001,
        0.07929462500000001,
        0.08413316700000001,
        0.081657667
      ],
      "exit_codes": [
        1,
        1,
        1,
        1,
        1,
        1,
        1,
        1,
        1,
        1,
        1,
        1,
        1,
        1,
        1,
        1,
        1,
        1,
        1,
        1,
        1,
        1,
        1,
        1,
        1,
        1,
        1,
        1,
        1,
        1,
        1,
        1,
        1,
        1,
        1,
        1,
        1,
        1,
        1,
        1,
        1,
        1,
        1,
        1,
        1,
        1,
        1,
        1,
        1,
        1
      ]
    },
    {
      "command": "../../target/release/vector",
      "mean": 0.0038479965400000007,
      "stddev": 0.00031219508300676425,
      "median": 0.0037614995000000003,
      "user": 0.0014906799999999999,
      "system": 0.00176216,
      "min": 0.0035211250000000004,
      "max": 0.0050780420000000005,
      "times": [
        0.003906916,
        0.0035275830000000004,
        0.0037716670000000002,
        0.0038961670000000003,
        0.003692667,
        0.0036434170000000004,
        0.0035211250000000004,
        0.003761541,
        0.0036607500000000004,
        0.003542917,
        0.0035848330000000004,
        0.0038220420000000003,
        0.0035870420000000004,
        0.003666458,
        0.003526917,
        0.0035813750000000004,
        0.0037517910000000004,
        0.004088958,
        0.004284583000000001,
        0.00419325,
        0.004581209,
        0.004348208,
        0.0040459580000000005,
        0.0036948750000000002,
        0.00369475,
        0.0037878340000000003,
        0.0050780420000000005,
        0.00363275,
        0.0037460410000000003,
        0.003652208,
        0.0037397080000000004,
        0.004029291,
        0.003927542,
        0.003693833,
        0.0038215840000000003,
        0.003871541,
        0.003958833,
        0.004507000000000001,
        0.004457916,
        0.003761458,
        0.003764083,
        0.003670875,
        0.003923208,
        0.003777166,
        0.0037300830000000004,
        0.00382225,
        0.003838666,
        0.0036736250000000002,
        0.003534208,
        0.003623083
      ],
      "exit_codes": [
        0,
        0,
        0,
        0,
        0,
        0,
        0,
        0,
        0,
        0,
        0,
        0,
        0,
        0,
        0,
        0,
        0,
        0,
        0,
        0,
        0,
        0,
        0,
        0,
        0,
        0,
        0,
        0,
        0,
        0,
        0,
        0,
        0,
        0,
        0,
        0,
        0,
        0,
        0,
        0,
        0,
        0,
        0,
        0,
        0,
        0,
        0,
        0,
        0,
        0
      ]
    },
    {
      "command": "../../target/release/vector",
      "mean": 0.0038131674399999997,
      "stddev": 0.0003957810333051448,
      "median": 0.0036843125,
      "user": 0.00147582,
      "system": 0.0017910600000000001,
      "min": 0.003518625,
      "max": 0.005549167000000001,