{
  "results": [
    {
      "command": "BSAN",
      "mean": 0.005172419200000001,
      "stddev": 0.0002110590287298986,
      "median": 0.005106333500000001,
      "user": 0.004339380000000001,
      "system": 0.0005692,
      "min": 0.004934375,
      "max": 0.006030375,
      "times": [
        0.005209875,
        0.0050705,
        0.005221666000000001,
        0.005266542,
        0.005385083000000001,
        0.0051738750000000005,
        0.0050493330000000005,
        0.005311541,
        0.00510325,
        0.005452792000000001,
        0.00591675,
        0.005261625000000001,
        0.005214000000000001,
        0.0050390420000000005,
        0.005070291,
        0.005195375,
        0.005109417000000001,
        0.005098167000000001,
        0.005048167,
        0.005006708,
        0.0049465410000000005,
        0.004934375,
        0.004965584,
        0.004984584,
        0.005312917,
        0.005339125,
        0.0053742090000000005,
        0.0049917500000000005,
        0.006030375,
        0.0050120830000000005,
        0.004961875,
        0.005159042,
        0.0049895830000000006,
        0.005093917,
        0.005178958,
        0.005076417000000001,
        0.005037458000000001,
        0.00502325,
        0.0050593750000000005,
        0.005291375,
        0.00524025,
        0.005248959,
        0.005166583000000001,
        0.005073208,
        0.005191084,
        0.005185292,
        0.005036542000000001,
        0.005083916,
        0.005403751,
        0.005024583
      ],
      "exit_codes": [
        0,
        0,
        0,
        0,
        0,
        0,
        0,
        0,
        0,
        0,
        0,
        0,
        0,
        0,
        0,
        0,
        0,
        0,
        0,
        0,
        0,
        0,
        0,
        0,
        0,
        0,
        0,
        0,
        0,
        0,
        0,
        0,
        0,
        0,
        0,
        0,
        0,
        0,
        0,
        0,
        0,
        0,
        0,
        0,
        0,
        0,
        0,
        0,
        0,
        0
      ]
    },
    {
      "command": "Miri",
      "mean": 0.07770989334000002,
      "stddev": 0.0015767217540053587,
      "median": 0.077652938,
      "user": 0.045035620000000026,
      "system": 0.02776547999999999,
      "min": 0.07485475000000001,
      "max": 0.085066875,
      "times": [
        0.076955958,
        0.07644816700000001,
        0.079344417,
        0.07773150000000001,
        0.075985542,
        0.079949958,
        0.077710917,
        0.077631084,
        0.07896312500000001,
        0.07695608400000001,
        0.077674792,
        0.07776120900000001,
        0.077803333,
        0.07835600000000001,
        0.077372042,
        0.07654962500000001,
        0.07719775000000001,
        0.078361791,
        0.078465666,
        0.077542583,
        0.07774054100000001,
        0.082381459,
        0.07786266600000001,
        0.07746612500000001,
        0.077824584,
        0.078642375,
        0.07790683300000001,
        0.07584550000000001,
        0.0781125,
        0.077404625,
        0.07666200000000001,
        0.078681208,
        0.0769225,
        0.07674512500000001,
        0.077864,
        0.077129667,
        0.078030125,
        0.076229583,
        0.07788125,
        0.078009166,
        0.077062209,
        0.077100125,
        0.07749425,
        0.076925083,
        0.076919375,
        0.077927625,
        0.07545737500000001,
        0.085066875,
        0.076583625,
        0.07485475000000001
      ],
      "exit_codes": [
        1,
        1,
        1,
        1,
        1,
        1,
        1,
        1,
        1,
        1,
        1,
        1,
        1,
        1,
        1,
        1,
        1,
        1,
        1,
        1,
        1,
        1,
        1,
        1,
        1,
        1,
        1,
        1,
        1,
        1,
        1,
        1,
        1,
        1,
        1,
        1,
        1,
        1,
        1,
        1,
        1,
        1,
        1,
        1,
        1,
        1,
        1,
        1,
        1,
        1
      ]
    },
    {
      "command": "Native",
      "mean": 0.005240458280000001,
      "stddev": 0.00021937211103111202,
      "median": 0.005168708500000001,
      "user": 0.00457204,
      "system": 0.00042742,
      "min": 0.004961209,
      "max": 0.006103166,
      "times": [
        0.005337875000000001,
        0.005139958,
        0.005157834,
        0.005104292000000001,
        0.005159083,
        0.0051912500000000006,
        0.005254833,
        0.0053195000000000004,
        0.005319417000000001,
        0.005251375,
        0.005316584,
        0.005543209,
        0.0057249580000000005,
        0.005674,
        0.005672625000000001,
        0.005311459,
        0.005098208,
        0.0051426250000000005,
        0.005057833,
        0.005165333,
        0.005167334,
        0.005005666000000001,
        0.005268167000000001,
        0.0051422080000000005,
        0.005330083,
        0.005415041000000001,
        0.005453833,
        0.0053377500000000005,
        0.005095625,
        0.0052237920000000005,
        0.005200042,
        0.005060417,
        0.005120375,
        0.004979750000000001,
        0.00503225,
        0.005139458,
        0.004986541000000001,
        0.005058541000000001,
        0.006103166,
        0.005043958,
        0.0051110420000000005,
        0.005081416,
        0.005170083000000001,
        0.005285167,
        0.004961209,
        0.005015166000000001,
        0.005101042,
        0.005433375000000001,
        0.005407375000000001,
        0.005350791000000001
      ],
      "exit_codes": [
        0,
        0,
        0,
        0,
        0,
        0,
        0,
        0,
        0,
        0,
        0,
        0,
        0,
        0,
        0,
        0,
        0,
        0,
        0,
        0,
        0,
        0,
        0,
        0,
        0,
        0,
        0,
        0,
        0,
        0,
        0,
        0,
        0,
        0,
        0,
        0,
        0,
        0,
        0,
        0,
        0,
        0,
        0,
        0,
        0,
        0,
        0,
        0,
        0,
        0
      ]
    },
    {
      "command": "ASAN",
      "mean": 0.0036559791800000008,
      "stddev": 0.0003404835608139676,
      "median": 0.0035530830000000003,
      "user": 0.0013763399999999998,
      "system": 0.00168948,
      "min": 0.003209541,
      "max": 0.0049029170000000006,
      "times": [
        0.003501,
        0.003683084,
        0.003465,
        0.0033697920000000004,
        0.00346675,
        0.0033202920000000003,
        0.003537,
        0.003911792,
        0.003392083,
        0.003483125,
        0.003994625,
        0.004084583,
        0.0037669590000000003,
        0.00429325,
        0.003493041,
        0.003423625,
        0.003754542,
        0.003578209,
        0.003294459,
        0.003441542,
        0.003209541,
        0.0035691660000000004,
        0.003349917,
        0.003616583,
        0.003783667,
        0.003628291,
        0.003526917,
        0.003451375,
        0.0035896250000000004,
        0.003393959,
        0.004042667000000001,
        0.0034745,
        0.0032690830000000003,
        0.0032973330000000004,
        0.0035801250000000004,
        0.0037986670000000004,
        0.004466083,
        0.004104625000000001,
        0.003989833,
        0.0044405830000000006,
        0.003715541,
        0.003496958,
        0.003623666,
        0.003438791,
        0.003657917,
        0.0049029170000000006,
        0.0035254590000000003,
        0.0035233340000000004,
        0.0034958330000000003,
        0.0035812500000000002
      ],