{
  "results": [
    {
      "command": "BSAN",
      "mean": 0.0007013042399999999,
      "stddev": 0.00011690946221085366,
      "median": 0.0006730205,
      "user": 0.00026454,
      "system": 0.00022163999999999997,
      "min": 0.000571,
      "max": 0.0010899170000000001,
      "times": [
        0.0006465,
        0.000762958,
        0.0006580830000000001,
        0.0006042080000000001,
        0.0006825000000000001,
        0.000649625,
        0.000687208,
        0.0007284580000000001,
        0.000674208,
        0.000755875,
        0.0006825000000000001,
        0.0006712920000000001,
        0.0006842910000000001,
        0.0007184590000000001,
        0.000748542,
        0.000586541,
        0.0009033750000000001,
        0.001042708,
        0.0010899170000000001,
        0.001050417,
        0.000571,
        0.0006918330000000001,
        0.000656167,
        0.000671833,
        0.000698458,
        0.0007177500000000001,
        0.000777667,
        0.000753209,
        0.00069875,
        0.00082525,
        0.0006387080000000001,
        0.0006827500000000001,
        0.000670959,
        0.00070575,
        0.0006400830000000001,
        0.000918334,
        0.000616167,
        0.000640709,
        0.000652042,
        0.000686084,
        0.000603084,
        0.000597125,
        0.0005983340000000001,
        0.0006172080000000001,
        0.000607084,
        0.000660292,
        0.000614542,
        0.0005926670000000001,
        0.000629375,
        0.0006043330000000001
      ],
      "exit_codes": [
        0,
        0,
        0,
        0,
        0,
        0,
        0,
        0,
        0,
        0,
        0,
        0,
        0,
        0,
        0,
        0,
        0,
        0,
        0,
        0,
        0,
        0,
        0,
        0,
        0,
        0,
        0,
        0,
        0,
        0,
        0,
        0,
        0,
        0,
        0,
        0,
        0,
        0,
        0,
        0,
        0,
        0,
        0,
        0,
        0,
        0,
        0,
        0,
        0,
        0
      ]
    },
    {
      "command": "Miri",
      "mean": 0.07732136764000001,
      "stddev": 0.0018996155235062359,
      "median": 0.0772215415,
      "user": 0.044025940000000006,
      "system": 0.02808988,
      "min": 0.074734458,
      "max": 0.08752383400000001,
      "times": [
        0.075593584,
        0.07494508400000001,
        0.07685483400000001,
        0.07762158300000001,
        0.075929833,
        0.076437167,
        0.07582962500000001,
        0.07822275000000001,
        0.078645584,
        0.076679833,
        0.07885420900000001,
        0.07865137500000001,
        0.07855258300000001,
        0.078184084,
        0.07874945800000001,
        0.07681204200000001,
        0.078535333,
        0.07803870900000001,
        0.074969958,
        0.07850950000000001,
        0.07666112500000001,
        0.07918850000000001,
        0.07689066700000001,
        0.07610875,
        0.077117875,
        0.08752383400000001,
        0.07698300000000001,
        0.07676275,
        0.07559312600000001,
        0.07737883300000001,
        0.076606583,
        0.07717262500000001,
        0.075461125,
        0.077382167,
        0.079162041,
        0.07658437500000001,
        0.077344375,
        0.077384459,
        0.07905508400000001,
        0.07499979200000001,
        0.074852917,
        0.07732712500000001,
        0.077270458,
        0.077168875,
        0.07739700000000001,
        0.074734458,
        0.077359625,
        0.077480084,
        0.077104542,
        0.077395084
      ],
      "exit_codes": [
        1,
        1,
        1,
        1,
        1,
        1,
        1,
        1,
        1,
        1,
        1,
        1,
        1,
        1,
        1,
        1,
        1,
        1,
        1,
        1,
        1,
        1,
        1,
        1,
        1,
        1,
        1,
        1,
        1,
        1,
        1,
        1,
        1,
        1,
        1,
        1,
        1,
        1,
        1,
        1,
        1,
        1,
        1,
        1,
        1,
        1,
        1,
        1,
        1,
        1
      ]
    },
    {
      "command": "Native",
      "mean": 0.0006653666199999999,
      "stddev": 0.00011802705537946179,
      "median": 0.0006242915000000001,
      "user": 0.00031334,
      "system": 0.00016965999999999997,
      "min": 0.000569292,
      "max": 0.0011382920000000002,
      "times": [
        0.001054709,
        0.0011382920000000002,
        0.000810625,
        0.0007087090000000001,
        0.00075175,
        0.000752292,
        0.0007326660000000001,
        0.000688583,
        0.000755208,
        0.000702666,
        0.0007054580000000001,
        0.0006991250000000001,
        0.0006383340000000001,
        0.0005951250000000001,
        0.0005912080000000001,
        0.00070125,
        0.000628334,
        0.000645541,
        0.000596375,
        0.00058725,
        0.000583583,
        0.0009636250000000001,
        0.000639583,
        0.000609209,
        0.000620667,
        0.000598667,
        0.000594708,
        0.00060525,
        0.0005904580000000001,
        0.000834958,
        0.000635583,
        0.0006147500000000001,
        0.0006049170000000001,
        0.0005954160000000001,
        0.000644791,
        0.000610334,
        0.0006320000000000001,
        0.000573584,
        0.000650666,
        0.000632292,
        0.000605583,
        0.000594666,
        0.000595792,
        0.0006027910000000001,
        0.000582375,
        0.0005993750000000001,
        0.0005853750000000001,
        0.000569292,
        0.000586625,
        0.0006279160000000001
      ],
      "exit_codes": [
        0,
        0,
        0,
        0,
        0,
        0,
        0,
        0,
        0,
        0,
        0,
        0,
        0,
        0,
        0,
        0,
        0,
        0,
        0,
        0,
        0,
        0,
        0,
        0,
        0,
        0,
        0,
        0,
        0,
        0,
        0,
        0,
        0,
        0,
        0,
        0,
        0,
        0,
        0,
        0,
        0,
        0,
        0,
        0,
        0,
        0,
        0,
        0,
        0,
        0
      ]
    },
    {
      "command": "ASAN",
      "mean": 0.003580019180000001,
      "stddev": 0.0002579519120979873,
      "median": 0.0035049795000000003,
      "user": 0.0013363200000000002,
      "system": 0.0017105800000000002,
      "min": 0.003171292,
      "max": 0.00422625,
      "times": [
        0.0034842080000000004,
        0.003953959,
        0.0034261250000000004,
        0.003289667,
        0.0033822500000000003,
        0.0037757080000000004,
        0.004223583,
        0.004041208,
        0.0035705830000000004,
        0.0037609170000000003,
        0.003457959,
        0.0036108330000000004,
        0.003405041,
        0.003171292,
        0.0033597920000000003,
        0.0035289160000000004,
        0.0034300420000000003,
        0.003506709,
        0.003534667,
        0.003562833,
        0.003298,
        0.0035203340000000004,
        0.003931167,
        0.0034563750000000002,
        0.003964666,
        0.004018417,
        0.00422625,
        0.0036910840000000003,
        0.0035827500000000004,
        0.003879125,
        0.0034929580000000004,
        0.0035765000000000003,
        0.003392042,
        0.003407209,
        0.0035032500000000003,
        0.003360416,
        0.0033192910000000003,
        0.003458,
        0.003421541,
        0.0036679160000000002,
        0.004027375000000001,
        0.003482792,
        0.0031858750000000003,
        0.0033412090000000004,
        0.003826125,
        0.003273125,
        0.0034575,
        0.0034702080000000002,
        0.003514375,
        0.0037787920000000004
      ],