{
  "results": [
    {
      "command": "BSAN",
      "mean": 0.0007516267200000002,
      "stddev": 0.00017233176316391971,
      "median": 0.0006759380000000001,
      "user": 0.00024493999999999997,
      "system": 0.00026791999999999994,
      "min": 0.0005934590000000001,
      "max": 0.001309,
      "times": [
        0.000769833,
        0.000780375,
        0.000785833,
        0.000682375,
        0.000676209,
        0.0006220830000000001,
        0.0006076660000000001,
        0.000641292,
        0.000675667,
        0.000621584,
        0.0007364170000000001,
        0.000696208,
        0.00069375,
        0.0006715,
        0.000751042,
        0.0007996250000000001,
        0.001126625,
        0.001309,
        0.001121875,
        0.001110667,
        0.0010775420000000001,
        0.000701667,
        0.000750667,
        0.000654666,
        0.000659208,
        0.0007055000000000001,
        0.0007658750000000001,
        0.00066575,
        0.000675583,
        0.0008830000000000001,
        0.001115792,
        0.001005833,
        0.0007274170000000001,
        0.000600417,
        0.000611292,
        0.0009302910000000001,
        0.0009128340000000001,
        0.0006327090000000001,
        0.000645583,
        0.000671625,
        0.000630125,
        0.0006280000000000001,
        0.000629083,
        0.000636708,
        0.0006525000000000001,
        0.0006335000000000001,
        0.000632334,
        0.00063225,
        0.0006405,
        0.0005934590000000001
      ],
      "exit_codes": [
        0,
        0,
        0,
        0,
        0,
        0,
        0,
        0,
        0,
        0,
        0,
        0,
        0,
        0,
        0,
        0,
        0,
        0,
        0,
        0,
        0,
        0,
        0,
        0,
        0,
        0,
        0,
        0,
        0,
        0,
        0,
        0,
        0,
        0,
        0,
        0,
        0,
        0,
        0,
        0,
        0,
        0,
        0,
        0,
        0,
        0,
        0,
        0,
        0,
        0
      ]
    },
    {
      "command": "Miri",
      "mean": 0.07775377341999999,
      "stddev": 0.0020798851716171303,
      "median": 0.07777937500000001,
      "user": 0.044430599999999994,
      "system": 0.027962520000000005,
      "min": 0.074031625,
      "max": 0.08944358300000001,
      "times": [
        0.077672458,
        0.074031625,
        0.076399042,
        0.07573291700000001,
        0.07624304200000001,
        0.07766191700000001,
        0.077379208,
        0.07604754200000001,
        0.078316167,
        0.076267333,
        0.078246375,
        0.078655375,
        0.078917083,
        0.079029584,
        0.079026333,
        0.07710575,
        0.07716895900000001,
        0.07805595800000001,
        0.077519375,
        0.076538917,
        0.07892270800000001,
        0.07845866600000001,
        0.078025209,
        0.077476167,
        0.07862229200000001,
        0.077148625,
        0.077882375,
        0.07599987500000001,
        0.08944358300000001,
        0.078558583,
        0.078216166,
        0.078422751,
        0.07600900000000001,
        0.078271084,
        0.077676375,
        0.078193125,
        0.07814475,
        0.076746625,
        0.07886195900000001,
        0.079360042,
        0.07575125,
        0.07845625,
        0.078711417,
        0.07868483400000001,
        0.07674154100000001,
        0.07731837500000001,
        0.076153834,
        0.076287375,
        0.074494791,
        0.078634084
      ],
      "exit_codes": [
        1,
        1,
        1,
        1,
        1,
        1,
        1,
        1,
        1,
        1,
        1,
        1,
        1,
        1,
        1,
        1,
        1,
        1,
        1,
        1,
        1,
        1,
        1,
        1,
        1,
        1,
        1,
        1,
        1,
        1,
        1,
        1,
        1,
        1,
        1,
        1,
        1,
        1,
        1,
        1,
        1,
        1,
        1,
        1,
        1,
        1,
        1,
        1,
        1,
        1
      ]
    },
    {
      "command": "Native",
      "mean": 0.0006707808199999998,
      "stddev": 0.00008116881338918143,
      "median": 0.000646417,
      "user": 0.00028136,
      "system": 0.00018254000000000002,
      "min": 0.000556917,
      "max": 0.001029125,
      "times": [
        0.000762417,
        0.000684042,
        0.000737542,
        0.000669125,
        0.000637416,
        0.0007097500000000001,
        0.0007357910000000001,
        0.0006433750000000001,
        0.000648666,
        0.0006099580000000001,
        0.000648625,
        0.000705,
        0.000632458,
        0.000692084,
        0.0007487500000000001,
        0.000721583,
        0.0006865420000000001,
        0.000737166,
        0.00065675,
        0.000633875,
        0.000637209,
        0.000626708,
        0.000822708,
        0.000631417,
        0.00061525,
        0.0007139160000000001,
        0.0006433750000000001,
        0.000649583,
        0.000633709,
        0.000687208,
        0.0006433750000000001,
        0.0006907920000000001,
        0.000730333,
        0.001029125,
        0.000651042,
        0.0006385840000000001,
        0.0006442090000000001,
        0.000675833,
        0.000636667,
        0.000603708,
        0.000556917,
        0.00059575,
        0.000595,
        0.0006163750000000001,
        0.000563084,
        0.0008846250000000001,
        0.000628875,
        0.0006138750000000001,
        0.0006010410000000001,
        0.000577833
      ],
      "exit_codes": [
        0,
        0,
        0,
        0,
        0,
        0,
        0,
        0,
        0,
        0,
        0,
        0,
        0,
        0,
        0,
        0,
        0,
        0,
        0,
        0,
        0,
        0,
        0,
        0,
        0,
        0,
        0,
        0,
        0,
        0,
        0,
        0,
        0,
        0,
        0,
        0,
        0,
        0,
        0,
        0,
        0,
        0,
        0,
        0,
        0,
        0,
        0,
        0,
        0,
        0
      ]
    },
    {
      "command": "ASAN",
      "mean": 0.0034959791000000007,
      "stddev": 0.0002967564177177358,
      "median": 0.0034140210000000006,
      "user": 0.00153388,
      "system": 0.0014150200000000001,
      "min": 0.003169584,
      "max": 0.004813583000000001,
      "times": [
        0.003567708,
        0.003186583,
        0.003286292,
        0.0036204170000000003,
        0.0034220410000000002,
        0.0034152920000000003,
        0.0033715420000000004,
        0.003767584,
        0.004323375,
        0.0038815840000000004,
        0.004053875,
        0.0037436250000000004,
        0.0036407500000000003,
        0.0032867910000000003,
        0.0035837910000000002,
        0.003629708,
        0.003443209,
        0.003334,
        0.0033133340000000002,
        0.003416208,
        0.00323425,
        0.0033792910000000004,
        0.003350833,
        0.0033065420000000004,
        0.003222916,
        0.003515583,
        0.0036264580000000004,
        0.004813583000000001,
        0.003707375,
        0.0032882080000000004,
        0.0032595840000000003,
        0.003351291,
        0.0033562080000000003,
        0.003418083,
        0.003508292,
        0.003515583,
        0.00328375,
        0.0034055,
        0.0033093750000000003,
        0.003622291,
        0.003503542,
        0.0038064160000000004,
        0.0033054580000000003,
        0.003196,
        0.0034127500000000004,
        0.0033949170000000003,
        0.003597625,
        0.003169584,
        0.0034009580000000004,
        0.003249
      ],