{
  "results": [
    {
      "command": "BSAN",
      "mean": 0.48610027862000016,
      "stddev": 0.0024435782911961766,
      "median": 0.48663750050000004,
      "user": 0.48438300000000006,
      "system": 0.0013191,
      "min": 0.480237917,
      "max": 0.49180883300000006,
      "times": [
        0.48438925000000005,
        0.483614417,
        0.48246716700000003,
        0.48627750000000003,
        0.482531584,
        0.482162542,
        0.485082542,
        0.485038542,
        0.48028462600000005,
        0.485916917,
        0.48339754100000004,
        0.48708012500000003,
        0.48536795800000004,
        0.480237917,
        0.48502512500000006,
        0.48408354200000003,
        0.48656816700000005,
        0.48779975000000003,
        0.48676020900000005,
        0.48911066700000005,
        0.48704579200000003,
        0.484833667,
        0.48572229200000006,
        0.48434362500000006,
        0.483594917,
        0.483015917,
        0.485402875,
        0.48765058400000005,
        0.48957083300000004,
        0.487998708,
        0.487464167,
        0.490350875,
        0.487425792,
        0.48811058300000004,
        0.489647459,
        0.48772541700000005,
        0.488248709,
        0.489242251,
        0.48670683400000003,
        0.48705212600000003,
        0.49180883300000006,
        0.48759791700000005,
        0.48691108400000005,
        0.486956792,
        0.486472626,
        0.48756879200000003,
        0.48695275000000005,
        0.487729709,
        0.484138375,
        0.48452754200000003
      ],
      "exit_codes": [
        0,
        0,
        0,
        0,
        0,
        0,
        0,
        0,
        0,
        0,
        0,
        0,
        0,
        0,
        0,
        0,
        0,
        0,
        0,
        0,
        0,
        0,
        0,
        0,
        0,
        0,
        0,
        0,
        0,
        0,
        0,
        0,
        0,
        0,
        0,
        0,
        0,
        0,
        0,
        0,
        0,
        0,
        0,
        0,
        0,
        0,
        0,
        0,
        0,
        0
      ]
    },
    {
      "command": "Miri",
      "mean": 0.08059436584,
      "stddev": 0.004318414538911269,
      "median": 0.0796675415,
      "user": 0.04640750000000002,
      "system": 0.02873958,
      "min": 0.07619575,
      "max": 0.099126875,
      "times": [
        0.078389,
        0.077692709,
        0.090117916,
        0.079843542,
        0.079042125,
        0.080440917,
        0.07954775,
        0.08144095800000001,
        0.079722583,
        0.077933583,
        0.080019667,
        0.0784335,
        0.08021987500000001,
        0.079365375,
        0.077909667,
        0.078761542,
        0.07979979200000001,
        0.07740645800000001,
        0.07853858300000001,
        0.07619575,
        0.080009959,
        0.080158542,
        0.0796125,
        0.078949584,
        0.078945208,
        0.079877458,
        0.08139291600000001,
        0.09875816700000001,
        0.099126875,
        0.084508833,
        0.083366166,
        0.079035375,
        0.082368833,
        0.077856625,
        0.079455833,
        0.08021600000000001,
        0.079485125,
        0.08066566700000001,
        0.07851566700000001,
        0.078396875,
        0.081380083,
        0.078081959,
        0.080154875,
        0.079517958,
        0.080761917,
        0.07929720900000001,
        0.079831042,
        0.080244458,
        0.07824658300000001,
        0.080678708
      ],
      "exit_codes": [
        1,
        1,
        1,
        1,
        1,
        1,
        1,
        1,
        1,
        1,
        1,
        1,
        1,
        1,
        1,
        1,
        1,
        1,
        1,
        1,
        1,
        1,
        1,
        1,
        1,
        1,
        1,
        1,
        1,
        1,
        1,
        1,
        1,
        1,
        1,
        1,
        1,
        1,
        1,
        1,
        1,
        1,
        1,
        1,
        1,
        1,
        1,
        1,
        1,
        1
      ]
    },
    {
      "command": "Native",
      "mean": 0.48993507773999995,
      "stddev": 0.00624232191749324,
      "median": 0.48870795850000004,
      "user": 0.48837021999999997,
      "system": 0.0011398400000000003,
      "min": 0.48494200000000004,
      "max": 0.529359833,
      "times": [
        0.48781737500000005,
        0.48768108400000004,
        0.48701387500000004,
        0.48916087500000005,
        0.487171167,
        0.485512792,
        0.4894175,
        0.48822775,
        0.48814612500000004,
        0.488488792,
        0.489032542,
        0.487800208,
        0.48778695800000005,
        0.48754483400000004,
        0.487286792,
        0.49384087600000004,
        0.49098808400000005,
        0.48700375,
        0.48632350100000005,
        0.48494200000000004,
        0.48890883300000004,
        0.488819376,
        0.487236875,
        0.48547933400000004,
        0.48894520900000005,
        0.48907091700000005,
        0.490280125,
        0.4893835,
        0.488118417,
        0.488224833,
        0.485344834,
        0.529359833,
        0.49854891700000004,
        0.489980083,
        0.488511042,
        0.49205491700000004,
        0.488616292,
        0.48802137500000004,
        0.490497626,
        0.49284375,
        0.49207508400000005,
        0.491662417,
        0.488290667,
        0.492761583,
        0.49123675000000006,
        0.495832459,
        0.489316542,
        0.488799625,
        0.48775841700000006,
        0.48958737500000005
      ],
      "exit_codes": [
        0,
        0,
        0,
        0,
        0,
        0,
        0,
        0,
        0,
        0,
        0,
        0,
        0,
        0,
        0,
        0,
        0,
        0,
        0,
        0,
        0,
        0,
        0,
        0,
        0,
        0,
        0,
        0,
        0,
        0,
        0,
        0,
        0,
        0,
        0,
        0,
        0,
        0,
        0,
        0,
        0,
        0,
        0,
        0,
        0,
        0,
        0,
        0,
        0,
        0
      ]
    },
    {
      "command": "ASAN",
      "mean": 0.00401217916,
      "stddev": 0.00032669712087999794,
      "median": 0.003930521,
      "user": 0.0016508800000000002,
      "system": 0.0017728799999999995,
      "min": 0.0036577920000000004,
      "max": 0.005172917,
      "times": [
        0.00394,
        0.0036755000000000004,
        0.004479542,
        0.004222875,
        0.004114333,
        0.004064542,
        0.003995291000000001,
        0.0044137080000000006,
        0.004097875,
        0.0038420420000000004,
        0.003916375000000001,
        0.003774167,
        0.0037295410000000003,
        0.0041886250000000005,
        0.004059292,
        0.004658583,
        0.004390375,
        0.004123041,
        0.0040165420000000005,
        0.0037845,
        0.004086041,
        0.003688209,
        0.00408675,
        0.004114292,
        0.005084375,
        0.00447525,
        0.0039683340000000004,
        0.0039210420000000005,
        0.00391425,
        0.0040607080000000005,
        0.003917958,
        0.003954417,
        0.0037887080000000004,
        0.0036577920000000004,
        0.0037235410000000004,
        0.0037713340000000003,
        0.0036963330000000004,
        0.0037152920000000002,
        0.003736417,
        0.005172917,
        0.0037643750000000004,
        0.0038610420000000003,
        0.0038016660000000004,
        0.0038254170000000002,
        0.003797584,
        0.0036653330000000002,
        0.004113333,
        0.003854208,
        0.0038879580000000004,
        0.0040173330000000005
      ],